study_name	ld_block	variant_type	n_changed_rows
Brain-eMeta-full-ENSG00000144026	EUR/2/87936212-98380522	common	1
Brain-eMeta-full-ENSG00000168883	EUR/2/84168800-87936212	common	2
Brain-eMeta-full-ENSG00000237094	EUR/1/1170341-1730405	common	2
Brain-eMeta-full-ENSG00000260077	EUR/2/9947070-11854723	common	3
BrainMeta-cis-eQTL-chr2-ENSG00000071967-12	EUR/2/171232077-173021162	common	2
BrainMeta-cis-eQTL-chr3-ENSG00000134086-8	EUR/3/9153647-10633999	common	1
BrainMeta-cis-eQTL-chr7-ENSG00000223855-2	EUR/7/386899-1286744	common	1
GTEx-eQTL-v10-Adipose-Subcutaneous-ENSG00000115750-17	EUR/2/9659787-9947070	common	1
GTEx-eQTL-v10-Adipose-Subcutaneous-ENSG00000162383-13	EUR/1/52650781-54549187	common	2
GTEx-eQTL-v10-Adipose-Subcutaneous-ENSG00000163803-13	EUR/2/28587786-29585636	common	2
GTEx-eQTL-v10-Adipose-Visceral-Omentum-ENSG00000157181-16	EUR/1/184628732-187000437	common	1
GTEx-eQTL-v10-Adipose-Visceral-Omentum-ENSG00000172780-17	EUR/3/127360326-129368353	common	2
GTEx-eQTL-v10-Adipose-Visceral-Omentum-ENSG00000177000-13	EUR/1/11764185-14394537	common	2
GTEx-eQTL-v10-Artery-Aorta-ENSG00000144028-15	EUR/2/87936212-98380522	common	2
GTEx-eQTL-v10-Artery-Aorta-ENSG00000223960-8	EUR/2/176559733-179341663	common	1
GTEx-eQTL-v10-Artery-Tibial-ENSG00000115816-15	EUR/2/35451996-37905569	common	2
GTEx-eQTL-v10-Artery-Tibial-ENSG00000116213-16	EUR/1/3355587-4320284	common	4
GTEx-eQTL-v10-Artery-Tibial-ENSG00000260855-1	EUR/1/244490034-247180692	common	1
GTEx-eQTL-v10-Brain-Cerebellar-Hemisphere-ENSG00000266983-2	EUR/19/2538142-5354751	common	3
GTEx-eQTL-v10-Brain-Cortex-ENSG00000267299-1	EUR/19/2538142-5354751	common	1
GTEx-eQTL-v10-Brain-Putamen-basal-ganglia-ENSG00000157181-16	EUR/1/184628732-187000437	common	1
GTEx-eQTL-v10-Cells-Cultured-fibroblasts-ENSG00000166920-13	EUR/15/39379313-44802998	common	1
GTEx-eQTL-v10-Cells-Cultured-fibroblasts-ENSG00000177628-16	EUR/1/153358890-156424168	common	2
GTEx-eQTL-v10-Cells-EBV-transformed-lymphocytes-ENSG00000160055-20	EUR/1/32045886-37678016	common	1
GTEx-eQTL-v10-Colon-Sigmoid-ENSG00000079313-15	EUR/19/2538142-5354751	common	4
GTEx-eQTL-v10-Colon-Sigmoid-ENSG00000142794-19	EUR/1/21002467-22858108	common	2
GTEx-eQTL-v10-Colon-Transverse-ENSG00000227001-3	EUR/1/21002467-22858108	common	1
GTEx-eQTL-v10-Esophagus-Mucosa-ENSG00000116237-16	EUR/1/5649773-7451118	common	1
GTEx-eQTL-v10-Esophagus-Mucosa-ENSG00000223960-8	EUR/2/176559733-179341663	common	1
GTEx-eQTL-v10-Esophagus-Muscularis-ENSG00000160075-12	EUR/1/1170341-1730405	common	1
GTEx-eQTL-v10-Esophagus-Muscularis-ENSG00000286651-2	EUR/3/45779015-47151274	common	2
GTEx-eQTL-v10-Heart-Atrial-Appendage-ENSG00000142794-19	EUR/1/21002467-22858108	common	2
GTEx-eQTL-v10-Heart-Atrial-Appendage-ENSG00000223960-8	EUR/2/176559733-179341663	common	2
GTEx-eQTL-v10-Minor-Salivary-Gland-ENSG00000251546-1	EUR/2/87936212-98380522	common	2
GTEx-eQTL-v10-Nerve-Tibial-ENSG00000176022-7	EUR/1/1170341-1730405	common	1
GTEx-eQTL-v10-Pancreas-ENSG00000236255-2	EUR/2/115656075-118196267	common	1
GTEx-eQTL-v10-Skin-Sun-Exposed-Lower-leg-ENSG00000084674-15	EUR/2/20501292-23481045	common	1
GTEx-eQTL-v10-Skin-Sun-Exposed-Lower-leg-ENSG00000116977-19	EUR/1/236455740-237441748	common	2
GTEx-eQTL-v10-Thyroid-ENSG00000130762-15	EUR/1/3355587-4320284	common	1
GTEx-eQTL-v10-Thyroid-ENSG00000157181-16	EUR/1/184628732-187000437	common	1
GTEx-eQTL-v10-Thyroid-ENSG00000162997-15	EUR/2/54103980-56169298	common	1
GTEx-eQTL-v10-Whole-Blood-ENSG00000121775-18	EUR/1/32045886-37678016	common	1
GTEx-sQTL-v10-Adipose-Subcutaneous-chr2:162197740:162198757:clu-37197--:ENSG00000078098-15	EUR/2/159697979-163746622	common	1
GTEx-sQTL-v10-Adipose-Subcutaneous-chr2:177219314:177222060:clu-39672-+:ENSG00000170144-21	EUR/2/173021162-176559733	common	1
GTEx-sQTL-v10-Adipose-Subcutaneous-chr2:219387163:219387576:clu-37762--:ENSG00000123992-20	EUR/2/217917700-220583739	common	1
GTEx-sQTL-v10-Adipose-Subcutaneous-chr2:39768501:39769710:clu-36116--:ENSG00000138050-15	EUR/2/39636070-40055087	common	2
GTEx-sQTL-v10-Adipose-Visceral-Omentum-chr2:38779118:38781517:clu-37853-+:ENSG00000152147-11	EUR/2/37905569-39636070	common	1
GTEx-sQTL-v10-Adipose-Visceral-Omentum-chr3:75426599:75430832:clu-45034--:ENSG00000244026-7	EUR/3/74272289-76808163	common	1
GTEx-sQTL-v10-Artery-Aorta-chr1:52907762:52907868:clu-1149--:ENSG00000121310-17	EUR/1/52650781-54549187	common	1
GTEx-sQTL-v10-Artery-Aorta-chr2:94202043:94202397:clu-32769--:ENSG00000286156-2	EUR/2/87936212-98380522	common	1
GTEx-sQTL-v10-Artery-Coronary-chr1:28560732:28561346:clu-3545-+:ENSG00000180098-9	EUR/1/24201011-28100360	common	2
GTEx-sQTL-v10-Artery-Coronary-chr1:52907762:52907868:clu-1115--:ENSG00000121310-17	EUR/1/52650781-54549187	common	2
GTEx-sQTL-v10-Artery-Coronary-chr2:86842319:86844922:clu-31984--:ENSG00000172116-23	EUR/2/84168800-87936212	common	2
GTEx-sQTL-v10-Artery-Tibial-chr1:27759627:27760495:clu-3797-+:ENSG00000009780-16	EUR/1/24201011-28100360	common	2
GTEx-sQTL-v10-Artery-Tibial-chr1:77933479:77942023:clu-4543-+:ENSG00000162614-19	EUR/1/74665625-78795698	common	1
GTEx-sQTL-v10-Artery-Tibial-chr2:187478803:187484124:clu-34482--:ENSG00000003436-16	EUR/2/186097359-192116616	common	1
GTEx-sQTL-v10-Artery-Tibial-chr2:38779441:38781517:clu-35476-+:ENSG00000152147-11	EUR/2/37905569-39636070	common	1
GTEx-sQTL-v10-Artery-Tibial-chr3:75426599:75427427:clu-44163--:ENSG00000244026-7	EUR/3/74272289-76808163	common	1
GTEx-sQTL-v10-Bladder-chr1:226890965:226891278:clu-4839-+:ENSG00000143801-18	EUR/1/227621870-230642745	common	1
GTEx-sQTL-v10-Brain-Cerebellar-Hemisphere-chr1:1284090:1285926:clu-2925-+:ENSG00000162572-21	EUR/1/1170341-1730405	common	1
GTEx-sQTL-v10-Brain-Cerebellar-Hemisphere-chr2:39588567:39599366:clu-33692-+:ENSG00000231312-8	EUR/2/37905569-39636070	common	1
GTEx-sQTL-v10-Brain-Hypothalamus-chr1:31740034:31740347:clu-730--:ENSG00000121753-13	EUR/1/32045886-37678016	common	1
GTEx-sQTL-v10-Brain-Nucleus-accumbens-basal-ganglia-chr1:223761617:223762186:clu-5421-+:ENSG00000162909-18	EUR/1/222798680-224041489	common	1
GTEx-sQTL-v10-Brain-Nucleus-accumbens-basal-ganglia-chr1:52912021:52913895:clu-1115--:ENSG00000121310-17	EUR/1/52650781-54549187	common	1
GTEx-sQTL-v10-Brain-Spinal-cord-cervical-c-1-chr1:31731419:31732115:clu-632--:ENSG00000121753-13	EUR/1/32045886-37678016	common	2
GTEx-sQTL-v10-Brain-Spinal-cord-cervical-c-1-chr2:185814042:185815371:clu-28815-+:ENSG00000188738-16	EUR/2/186097359-192116616	common	2
GTEx-sQTL-v10-Cells-Cultured-fibroblasts-chr2:131533069:131533269:clu-31759-+:ENSG00000163040-15	EUR/2/130610922-133970096	common	1
GTEx-sQTL-v10-Cells-Cultured-fibroblasts-chr3:75426599:75427427:clu-38569--:ENSG00000244026-7	EUR/3/74272289-76808163	common	2
GTEx-sQTL-v10-Cells-Cultured-fibroblasts-chr3:75427908:75429136:clu-38569--:ENSG00000244026-7	EUR/3/74272289-76808163	common	2
GTEx-sQTL-v10-Cells-EBV-transformed-lymphocytes-chr1:52354454:52354608:clu-953--:ENSG00000154222-15	EUR/1/48604095-52650781	common	2
GTEx-sQTL-v10-Cells-EBV-transformed-lymphocytes-chr2:237720822:237748364:clu-31262-+:ENSG00000124831-19	EUR/2/237593948-239407316	common	1
GTEx-sQTL-v10-Cells-EBV-transformed-lymphocytes-chr2:38343512:38354067:clu-28019--:ENSG00000119787-14	EUR/2/37905569-39636070	common	1
GTEx-sQTL-v10-Colon-Sigmoid-chr2:38779118:38779258:clu-36247-+:ENSG00000152147-11	EUR/2/37905569-39636070	common	1
GTEx-sQTL-v10-Colon-Sigmoid-chr2:38779118:38781517:clu-36247-+:ENSG00000152147-11	EUR/2/37905569-39636070	common	1
GTEx-sQTL-v10-Colon-Transverse-chr11:47234876:47235270:clu-12004-+:ENSG00000134574-12	EUR/11/44271197-46868162	common	1
GTEx-sQTL-v10-Colon-Transverse-chr11:47257635:47257996:clu-12007-+:ENSG00000025434-19	EUR/11/44271197-46868162	common	1
GTEx-sQTL-v10-Colon-Transverse-chr11:47257735:47257996:clu-12007-+:ENSG00000025434-19	EUR/11/44271197-46868162	common	1
GTEx-sQTL-v10-Colon-Transverse-chr3:13340298:13341748:clu-45179--:ENSG00000132182-12	EUR/3/14269725-16623951	common	2
GTEx-sQTL-v10-Esophagus-Gastroesophageal-Junction-chr2:171922507:171925537:clu-33663-+:ENSG00000128708-13	EUR/2/167654198-171232077	common	2
GTEx-sQTL-v10-Esophagus-Mucosa-chr11:47183065:47186349:clu-9714--:ENSG00000165912-16	EUR/11/44271197-46868162	common	1
GTEx-sQTL-v10-Esophagus-Mucosa-chr1:1489274:1489692:clu-3420-+:ENSG00000160072-20	EUR/1/1170341-1730405	common	1
GTEx-sQTL-v10-Esophagus-Mucosa-chr1:225855940:225859196:clu-3061--:ENSG00000196187-12	EUR/1/225832854-227621870	common	1
GTEx-sQTL-v10-Esophagus-Mucosa-chr1:52907762:52907868:clu-1230--:ENSG00000121310-17	EUR/1/52650781-54549187	common	2
GTEx-sQTL-v10-Esophagus-Mucosa-chr2:38779118:38781517:clu-36811-+:ENSG00000152147-11	EUR/2/37905569-39636070	common	1
GTEx-sQTL-v10-Esophagus-Mucosa-chr2:38779441:38781517:clu-36811-+:ENSG00000152147-11	EUR/2/37905569-39636070	common	1
GTEx-sQTL-v10-Esophagus-Mucosa-chr3:75426599:75430832:clu-43837--:ENSG00000244026-7	EUR/3/74272289-76808163	common	1
GTEx-sQTL-v10-Esophagus-Muscularis-chr1:31668855:31670556:clu-794--:ENSG00000084636-18	EUR/1/29690112-32045886	common	1
GTEx-sQTL-v10-Esophagus-Muscularis-chr1:53082188:53084513:clu-4271-+:ENSG00000174348-14	EUR/1/52650781-54549187	common	2
GTEx-sQTL-v10-Esophagus-Muscularis-chr2:38343512:38354067:clu-33733--:ENSG00000119787-14	EUR/2/37905569-39636070	common	1
GTEx-sQTL-v10-Esophagus-Muscularis-chr2:38779118:38781517:clu-35895-+:ENSG00000152147-11	EUR/2/37905569-39636070	common	1
GTEx-sQTL-v10-Esophagus-Muscularis-chr3:129171538:129171634:clu-43136--:ENSG00000169714-17	EUR/3/127360326-129368353	common	1
GTEx-sQTL-v10-Heart-Left-Ventricle-chr1:27359522:27359858:clu-668--:ENSG00000142733-17	EUR/1/24201011-28100360	common	1
GTEx-sQTL-v10-Heart-Left-Ventricle-chr1:35825815:35825926:clu-3485-+:ENSG00000134698-11	EUR/1/32045886-37678016	common	2
GTEx-sQTL-v10-Lung-chr2:113634232:113641353:clu-41282-+:ENSG00000144134-19	EUR/2/113164062-115656075	common	1
GTEx-sQTL-v10-Lung-chr2:38779118:38781517:clu-40384-+:ENSG00000152147-11	EUR/2/37905569-39636070	common	1
GTEx-sQTL-v10-Minor-Salivary-Gland-chr11:47293983:47295496:clu-10515-+:ENSG00000110514-19	EUR/11/44271197-46868162	common	1
GTEx-sQTL-v10-Muscle-Skeletal-chr1:11054885:11054962:clu-302--:ENSG00000116649-10	EUR/1/9307591-11764185	common	1
GTEx-sQTL-v10-Muscle-Skeletal-chr1:11055926:11056011:clu-302--:ENSG00000116649-10	EUR/1/9307591-11764185	common	2
GTEx-sQTL-v10-Muscle-Skeletal-chr1:29039426:29053107:clu-3738-+:ENSG00000159023-22	EUR/1/29690112-32045886	common	2
GTEx-sQTL-v10-Muscle-Skeletal-chr1:46813606:46813982:clu-4128-+:ENSG00000142973-15	EUR/1/46791535-48604095	common	1
GTEx-sQTL-v10-Nerve-Tibial-chr1:184823329:184823638:clu-2794--:ENSG00000135842-17	EUR/1/182577190-184628732	common	1
GTEx-sQTL-v10-Nerve-Tibial-chr1:184823742:184831847:clu-2794--:ENSG00000135842-17	EUR/1/182577190-184628732	common	1
GTEx-sQTL-v10-Nerve-Tibial-chr1:52896597:52899174:clu-1305--:ENSG00000121310-17	EUR/1/52650781-54549187	common	1
GTEx-sQTL-v10-Nerve-Tibial-chr3:129171538:129171634:clu-47826--:ENSG00000169714-17	EUR/3/127360326-129368353	common	2
GTEx-sQTL-v10-Nerve-Tibial-chr3:129171538:129171655:clu-47826--:ENSG00000169714-17	EUR/3/127360326-129368353	common	2
GTEx-sQTL-v10-Nerve-Tibial-chr3:75426599:75427427:clu-47434--:ENSG00000244026-7	EUR/3/74272289-76808163	common	1
GTEx-sQTL-v10-Pituitary-chr1:31694170:31695186:clu-4296--:ENSG00000084636-18	EUR/1/32045886-37678016	common	1
GTEx-sQTL-v10-Prostate-chr11:47240249:47242723:clu-9520--:ENSG00000134575-13	EUR/11/44271197-46868162	common	1
GTEx-sQTL-v10-Skin-Not-Sun-Exposed-Suprapubic-chr1:27364394:27364773:clu-776--:ENSG00000142733-17	EUR/1/28100360-29690112	common	1
GTEx-sQTL-v10-Skin-Not-Sun-Exposed-Suprapubic-chr2:38343512:38377143:clu-36395--:ENSG00000119787-14	EUR/2/37905569-39636070	common	1
GTEx-sQTL-v10-Skin-Not-Sun-Exposed-Suprapubic-chr2:73958207:73981135:clu-36764--:ENSG00000237883-3	EUR/2/73895096-77154626	common	2
GTEx-sQTL-v10-Skin-Not-Sun-Exposed-Suprapubic-chr3:129171538:129171655:clu-46516--:ENSG00000169714-17	EUR/3/127360326-129368353	common	2
GTEx-sQTL-v10-Skin-Sun-Exposed-Lower-leg-chr2:38779441:38781517:clu-39496-+:ENSG00000152147-11	EUR/2/37905569-39636070	common	1
GTEx-sQTL-v10-Small-Intestine-Terminal-Ileum-chr2:89862559:89884919:clu-36444-+:ENSG00000251546-1	EUR/2/87936212-98380522	common	1
GTEx-sQTL-v10-Small-Intestine-Terminal-Ileum-chr2:90100317:90100443:clu-36444-+:ENSG00000251546-1	EUR/2/87936212-98380522	common	1
GTEx-sQTL-v10-Spleen-chr1:159032691:159051679:clu-5051-+:ENSG00000163565-20	EUR/1/158933969-163173938	common	2
GTEx-sQTL-v10-Spleen-chr1:28697084:28702438:clu-3690-+:ENSG00000162419-13	EUR/1/24201011-28100360	common	4
GTEx-sQTL-v10-Spleen-chr2:89936942:89937369:clu-34959-+:ENSG00000251039-3	EUR/2/87936212-98380522	common	2
GTEx-sQTL-v10-Testis-chr1:1281297:1282242:clu-115-+:ENSG00000162572-21	EUR/1/1170341-1730405	common	3
GTEx-sQTL-v10-Testis-chr1:7961735:7962763:clu-400-+:ENSG00000116288-13	EUR/1/7451118-9307591	common	1
GTEx-sQTL-v10-Testis-chr3:75447296:75451051:clu-81035-+:ENSG00000272690-6	EUR/3/74272289-76808163	common	1
GTEx-sQTL-v10-Uterus-chr1:210231771:210232190:clu-2323--:ENSG00000203706-8	EUR/1/208237501-210906847	common	1
GTEx-sQTL-v10-Uterus-chr2:38779441:38781517:clu-30634-+:ENSG00000152147-11	EUR/2/37905569-39636070	common	1
GTEx-sQTL-v10-Vagina-chr11:47323835:47324265:clu-10115-+:ENSG00000110514-19	EUR/11/44271197-46868162	common	1
GTEx-sQTL-v10-Whole-Blood-chr1:173865282:173865471:clu-2221--:ENSG00000234741-9	EUR/1/171908371-175755086	common	2
GTEx-sQTL-v10-Whole-Blood-chr2:38779118:38781517:clu-31643-+:ENSG00000152147-11	EUR/2/37905569-39636070	common	1
GTEx-sQTL-v10-Whole-Blood-chr2:98520154:98520687:clu-32111-+:ENSG00000040933-16	EUR/2/99065934-100756218	common	1
decode-01-10753-31	EUR/17/21400685-32554656	common	1
decode-01-11377-19	EUR/4/98498893-100212545	common	1
decode-01-15482-12	EUR/12/8604885-9849404	common	3
decode-01-16561-9	EUR/19/56919549-58607520	common	2
decode-01-17377-1	EUR/10/4260647-5353477	common	1
decode-01-18397-5	EUR/10/4260647-5353477	common	1
decode-01-3168-8	EUR/21/24837707-27752663	common	1
decode-01-3708-62	EUR/4/185466290-186471422	common	1
decode-01-3858-5	EUR/2/1415211-2531147	common	2
decode-01-5742-14	EUR/1/119585475-148441356	common	2
decode-01-9253-52	EUR/9/131671545-133622201	common	1
decode-02-11510-31	EUR/22/35695831-37164130	common	1
decode-02-15453-3	EUR/6/30106780-30425675	common	2
decode-02-17164-15	EUR/2/69124831-69955817	common	1
decode-02-17404-5	EUR/5/38117060-39596750	common	1
decode-02-17404-5	EUR/5/54407873-56272660	common	2
decode-02-4923-79	EUR/11/5228599-6898036	common	2
decode-02-7127-3	EUR/11/60340200-63591911	common	1
decode-02-9506-10	EUR/10/98322738-100331627	common	2
decode-03-11277-23	EUR/10/14854549-16509768	common	4
decode-03-11387-3	EUR/6/24582634-25684378	common	1
decode-03-15367-38	EUR/20/31989284-38113966	common	1
decode-03-15370-5	EUR/1/119585475-148441356	common	3
decode-03-15370-5	EUR/9/136747654-138221689	common	1
decode-03-15499-11	EUR/20/2520043-4092088	common	1
decode-03-7806-33	EUR/5/177963481-179671059	common	2
decode-04-11116-16	EUR/6/32648562-32877952	common	1
decode-04-11325-8	EUR/1/195599439-197971083	common	1
decode-04-11390-24	EUR/8/59068223-61096254	common	1
decode-04-13666-222	EUR/17/49918934-53040813	common	1
decode-04-14091-42	EUR/21/34495846-36781246	common	2
decode-04-17170-15	EUR/11/12257886-15724846	common	1
decode-04-17692-2	EUR/6/30106780-30425675	common	2
decode-04-17692-2	EUR/6/30425675-31282730	common	7
decode-04-17692-2	EUR/6/32648562-32877952	common	3
decode-04-3186-2	EUR/6/31282730-32518958	common	7
decode-04-5677-15	EUR/17/21400685-32554656	common	1
decode-04-6388-21	EUR/7/22732641-25868614	common	1
decode-04-6480-1	EUR/6/30106780-30425675	common	1
decode-04-8840-61	EUR/12/5914520-8604885	common	1
decode-04-8840-61	EUR/14/105486004-106882741	common	3
decode-04-9348-1	EUR/12/5914520-8604885	common	2
decode-04-9384-17	EUR/17/66806071-69532290	common	1
decode-05-10938-13	EUR/1/115663032-117574557	common	2
decode-05-12706-2	EUR/14/94427413-96101661	common	4
decode-05-16021-30	EUR/1/195599439-197971083	common	1
decode-05-16613-3	EUR/19/48198378-49946958	common	1
decode-05-16613-3	EUR/9/131671545-133622201	common	1
decode-05-18289-16	EUR/19/48198378-49946958	common	1
decode-05-2900-53	EUR/17/33684959-34351819	common	1
decode-05-3028-36	EUR/17/35674782-38251052	common	1
decode-05-3029-52	EUR/9/131671545-133622201	common	1
decode-05-3290-50	EUR/6/74752287-76553063	common	1
decode-05-4886-3	EUR/17/33684959-34351819	common	2
decode-05-4922-13	EUR/6/31282730-32518958	common	2
decode-05-5066-134	EUR/12/89285600-91849133	common	1
decode-05-5596-75	EUR/3/96083058-99327109	common	1
decode-05-7184-13	EUR/1/195599439-197971083	common	1
decode-05-7763-25	EUR/1/195599439-197971083	common	1
decode-05-9796-4	EUR/9/131671545-133622201	common	1
decode-06-16828-8	EUR/21/44756538-46073133	common	2
decode-06-18218-48	EUR/2/67755902-69124831	common	2
decode-06-2974-61	EUR/16/10031-1194887	common	2
decode-06-3298-52	EUR/3/2102384-3273572	common	3
decode-06-6965-19	EUR/7/144581155-146882329	common	1
decode-07-10572-65	EUR/17/34351819-35674782	common	1
decode-07-13614-6	EUR/5/38117060-39596750	common	1
decode-07-13983-27	EUR/1/74665625-78795698	common	2
decode-07-13983-27	EUR/1/78795698-79195243	common	2
decode-07-14076-74	EUR/20/22799227-31989284	common	1
decode-07-19556-12	EUR/1/205451010-206209814	common	2
decode-07-19556-12	EUR/1/206209814-208237501	common	1
decode-07-3302-58	EUR/20/22799227-31989284	common	3
decode-07-3518-54	EUR/13/45922605-46753025	common	3
decode-07-4840-73	EUR/19/44935906-47026140	common	1
decode-07-5346-24	EUR/20/22799227-31989284	common	1
decode-07-5346-24	EUR/20/31989284-38113966	common	2
decode-07-5648-28	EUR/16/74052973-76023784	common	1
decode-07-6415-90	EUR/17/21400685-32554656	common	1
decode-07-6415-90	EUR/3/194169873-195494690	common	2
decode-07-8007-19	EUR/8/11624755-13538501	common	3
decode-07-8424-269	EUR/1/195599439-197971083	common	1
decode-07-9842-2	EUR/5/30003843-32770644	common	1
decode-08-11601-26	EUR/17/65107074-66806071	common	3
decode-08-16919-1	EUR/2/119274749-120798372	common	1
decode-08-19141-22	EUR/3/186204235-188486544	common	3
decode-08-19579-5	EUR/6/30425675-31282730	common	2
decode-08-2985-35	EUR/4/70605769-74394244	common	2
decode-08-6629-3	EUR/8/6826893-8879954	common	1
decode-08-9823-2	EUR/12/5914520-8604885	common	1
decode-09-10851-77	EUR/19/2538142-5354751	common	1
decode-09-12332-7	EUR/6/31282730-32518958	common	1
decode-09-12338-27	EUR/19/54196103-55215821	common	2
decode-09-12859-33	EUR/6/3413617-4659841	common	1
decode-09-16781-2	EUR/17/77620604-79101279	common	1
decode-09-8767-44	EUR/1/195599439-197971083	common	1
decode-09-8794-13	EUR/16/88487888-90220225	common	1
decode-09-9901-28	EUR/1/230642745-232178847	common	2
decode-10-13102-1	EUR/19/48198378-49946958	common	1
decode-10-13102-1	EUR/9/131671545-133622201	common	1
decode-10-13717-15	EUR/9/134697433-136067443	common	4
decode-10-15388-24	EUR/1/165681379-167192336	common	1
decode-10-16288-17	EUR/9/131671545-133622201	common	1
decode-10-3182-38	EUR/10/95307050-98322738	common	2
decode-10-3184-25	EUR/13/112916848-114353285	common	3
decode-10-3310-62	EUR/1/158933969-163173938	common	1
decode-10-4435-66	EUR/17/79101279-79784798	common	10
decode-10-4437-56	EUR/3/186204235-188486544	common	1
decode-10-4440-15	EUR/1/156424168-158933969	common	1
decode-10-8225-86	EUR/1/22858108-24201011	common	1
decode-10-8631-13	EUR/7/93388705-96407667	common	1
decode-10-8960-3	EUR/5/91671154-96487028	common	2
decode-11-11568-2	EUR/2/23481045-24172400	common	1
decode-11-12529-32	EUR/19/44935906-47026140	common	1
decode-11-13123-3	EUR/20/14353108-16077862	common	9
decode-11-16035-8	EUR/9/131671545-133622201	common	1
decode-11-16315-105	EUR/6/41655647-43990869	common	1
decode-11-19635-69	EUR/6/32648562-32877952	common	1
decode-11-4548-4	EUR/19/5354751-6508319	common	3
decode-11-5581-28	EUR/8/15440595-16183724	common	2
decode-11-7156-2	EUR/8/33209476-37613538	common	2
decode-11-7818-101	EUR/1/195599439-197971083	common	1
decode-11-8048-9	EUR/6/30106780-30425675	common	2
decode-11-8048-9	EUR/6/32877952-33988587	common	1
decode-11-8244-16	EUR/14/65238401-67604927	common	1
decode-11-9288-7	EUR/2/179341663-181043711	common	2
decode-11-9385-4	EUR/17/79101279-79784798	common	1
decode-12-11273-176	EUR/22/24009620-25537151	common	1
decode-12-11281-6	EUR/1/195599439-197971083	common	1
decode-12-14006-36	EUR/6/41655647-43990869	common	1
decode-12-16872-248	EUR/14/78751130-79201174	common	1
decode-12-17138-8	EUR/6/52346029-53939938	common	2
decode-12-17456-53	EUR/9/86107180-86578838	common	2
decode-12-2515-14	EUR/8/20281092-22159255	common	1
decode-12-3195-50	EUR/6/32648562-32877952	common	2
decode-12-4991-12	EUR/13/91113252-94825176	common	1
decode-12-7808-5	EUR/9/131671545-133622201	common	1
decode-12-8289-8	EUR/3/69298771-71170643	common	2
decode-12-8336-267	EUR/17/21400685-32554656	common	1
decode-12-8336-267	EUR/3/113222710-115565057	common	1
decode-12-8606-39	EUR/7/22732641-25868614	common	2
decode-12-8697-38	EUR/2/240576179-242171545	common	1
decode-12-9748-31	EUR/1/105867868-110131515	common	1
decode-13-10041-3	EUR/6/30106780-30425675	common	1
decode-13-18225-13	EUR/12/12582501-14114541	common	1
decode-13-19267-14	EUR/16/10031-1194887	common	1
decode-13-3054-3	EUR/16/67561130-70486376	common	2
decode-13-3054-3	EUR/16/70486376-74052973	common	1
decode-13-3440-7	EUR/5/56272660-58799380	common	1
decode-13-3617-80	EUR/4/2308201-3868459	common	1
decode-13-5134-52	EUR/5/153673287-157202743	common	1
decode-13-6393-63	EUR/12/103736758-105970320	common	2
decode-13-6919-3	EUR/16/10031-1194887	common	1
decode-13-7905-30	EUR/16/70486376-74052973	common	3
decode-13-9021-1	EUR/5/153673287-157202743	common	1
decode-14-16057-6	EUR/6/159132623-161426875	common	1
decode-14-2571-12	EUR/16/1194887-2035294	common	2
decode-14-2620-4	EUR/5/61790609-62780273	common	3
decode-14-2952-75	EUR/16/1194887-2035294	common	1
decode-14-3169-70	EUR/4/2308201-3868459	common	2
decode-14-3169-70	EUR/4/700824-1524981	common	4
decode-14-4234-8	EUR/2/98380522-99065934	common	2
decode-14-6605-17	EUR/16/1194887-2035294	common	3
decode-15-13124-20	EUR/9/131671545-133622201	common	1
decode-15-15686-49	EUR/12/53989716-57143206	common	1
decode-15-16609-106	EUR/19/32505700-33649275	common	2
decode-15-17153-46	EUR/6/33988587-34671459	common	1
decode-15-19557-3	EUR/4/37897029-40870713	common	1
decode-15-7955-195	EUR/3/52179438-54605182	common	1
decode-15-9068-17	EUR/3/52179438-54605182	common	1
decode-15-9111-40	EUR/6/30425675-31282730	common	2
decode-15-9221-6	EUR/10/14370880-14854549	common	2
decode-15-9326-33	EUR/10/6576860-8733172	common	1
decode-15-9377-25	EUR/9/101111504-103206819	common	3
decode-16-11383-41	EUR/11/5228599-6898036	common	1
decode-16-15615-8	EUR/19/54196103-55215821	common	4
decode-16-16763-11	EUR/5/135263204-137607787	common	1
decode-16-18905-5	EUR/14/94427413-96101661	common	2
decode-16-3640-14	EUR/6/22749380-24582634	common	2
decode-16-3640-14	EUR/6/25684378-27258180	common	3
decode-16-3640-14	EUR/6/32648562-32877952	common	1
decode-16-3640-14	EUR/6/33988587-34671459	common	1
decode-16-5091-28	EUR/19/54196103-55215821	common	2
decode-16-7015-8	EUR/19/54196103-55215821	common	2
decode-16-7059-14	EUR/19/54196103-55215821	common	2
decode-16-7163-26	EUR/7/140483185-144260137	common	1
decode-17-13229-20	EUR/6/30106780-30425675	common	2
decode-17-13934-3	EUR/13/112916848-114353285	common	1
decode-17-14066-49	EUR/7/78464626-80130516	common	1
decode-17-14066-49	EUR/7/82385917-83133485	common	1
decode-17-16620-26	EUR/2/158301473-159697979	common	2
decode-17-16900-29	EUR/6/37606796-38719920	common	4
decode-17-16900-29	EUR/6/38719920-40444994	common	1
decode-17-19175-18	EUR/6/32648562-32877952	common	2
decode-17-2730-58	EUR/6/28904669-30106780	common	3
decode-17-2730-58	EUR/6/30106780-30425675	common	4
decode-17-2730-58	EUR/6/32648562-32877952	common	2
decode-17-2730-58	EUR/6/32877952-33988587	common	1
decode-17-5102-55	EUR/6/25684378-27258180	common	1
decode-17-5102-55	EUR/6/30106780-30425675	common	1
decode-17-5102-55	EUR/6/30425675-31282730	common	2
decode-17-5102-55	EUR/6/32877952-33988587	common	1
decode-17-6572-10	EUR/19/44935906-47026140	common	1
decode-17-8382-47	EUR/17/21400685-32554656	common	1
decode-17-8954-30	EUR/2/54103980-56169298	common	1
decode-17-9294-45	EUR/12/8604885-9849404	common	1
decode-17-9578-263	EUR/12/27646955-29514747	common	6
decode-18-10615-18	EUR/1/230642745-232178847	common	1
decode-18-11391-69	EUR/17/21400685-32554656	common	1
decode-18-15509-2	EUR/17/41502931-45535398	common	2
decode-18-17505-125	EUR/6/32648562-32877952	common	4
decode-18-19145-4	EUR/13/45922605-46753025	common	4
decode-18-19296-51	EUR/3/186204235-188486544	common	2
decode-18-2640-3	EUR/6/32648562-32877952	common	2
decode-18-2789-26	EUR/11/102520542-103963329	common	2
decode-18-4496-60	EUR/11/102520542-103963329	common	1
decode-18-4496-60	EUR/11/107179934-108041323	common	2
decode-18-4924-32	EUR/11/102520542-103963329	common	1
decode-18-6425-87	EUR/12/57143206-58578966	common	2
decode-18-6507-16	EUR/21/19590151-21510957	common	1
decode-18-8005-1	EUR/17/76595643-77620604	common	1
decode-18-8360-169	EUR/19/54196103-55215821	common	1
decode-18-9910-9	EUR/6/24582634-25684378	common	1
decode-19-15452-5	EUR/6/84499974-85531233	common	1
decode-19-16809-1	EUR/16/10031-1194887	common	1
decode-19-5637-81	EUR/1/105867868-110131515	common	2
decode-19-6544-33	EUR/11/20102503-21241625	common	2
decode-19-8971-9	EUR/19/44935906-47026140	common	1
decode-19-9754-33	EUR/6/1477586-3413617	common	1
decode-19-9837-60	EUR/16/67561130-70486376	common	1
decode-20-10892-8	EUR/5/38117060-39596750	common	1
decode-20-13388-57	EUR/5/91671154-96487028	common	2
decode-20-13388-57	EUR/5/96487028-97711949	common	1
decode-20-18918-86	EUR/19/11172307-13465825	common	2
decode-20-5620-13	EUR/5/114269597-115783250	common	2
decode-20-5620-13	EUR/5/96487028-97711949	common	4
decode-20-5620-13	EUR/5/99924963-101134655	common	3
decode-20-5680-54	EUR/9/134697433-136067443	common	1
decode-20-6414-8	EUR/11/118153413-120628687	common	2
decode-20-6431-68	EUR/2/69955817-72966516	common	1
decode-21-12459-13	EUR/10/122142197-123520147	common	2
decode-21-15475-4	EUR/20/45448756-48583652	common	1
decode-21-3459-49	EUR/5/150108378-151593050	common	2
decode-21-8825-4	EUR/1/168414490-169838848	common	1
decode-21-9235-3	EUR/3/54605182-55837505	common	1
decode-22-12851-5	EUR/7/44031335-45205717	common	1
decode-22-12939-1	EUR/1/195599439-197971083	common	1
decode-22-15535-3	EUR/19/48198378-49946958	common	1
decode-22-18866-8	EUR/1/195599439-197971083	common	1
decode-22-8351-17	EUR/6/31282730-32518958	common	5
decode-22-8814-33	EUR/4/7366767-8152257	common	2
decode-22-9884-8	EUR/6/28904669-30106780	common	4
decode-22-9884-8	EUR/6/37606796-38719920	common	2
decode-23-6580-29	EUR/12/8604885-9849404	common	1
decode-23-8250-2	EUR/11/46868162-54537872	common	1
decode-23-8397-147	EUR/9/131671545-133622201	common	2
decode-23-8397-147	EUR/9/136067443-136747654	common	1
decode-24-11666-72	EUR/1/195599439-197971083	common	1
decode-24-12329-21	EUR/1/195599439-197971083	common	5
decode-24-3220-40	EUR/10/41707258-44040315	common	1
decode-24-3220-40	EUR/10/47907130-49632652	common	2
decode-24-5644-60	EUR/14/20653557-22124728	common	6
decode-24-5646-20	EUR/14/20653557-22124728	common	1
decode-24-6458-6	EUR/19/49946958-51755743	common	1
decode-24-7223-60	EUR/19/42788773-44935906	common	2
decode-24-7916-10	EUR/1/151566310-153358890	common	2
decode-25-12334-25	EUR/17/18423015-21400685	common	1
decode-25-13119-26	EUR/13/112916848-114353285	common	1
decode-25-13132-14	EUR/5/9205437-11395339	common	2
decode-25-14175-78	EUR/22/22045373-22943803	common	1
decode-25-15333-11	EUR/6/21478455-22749380	common	2
decode-25-15333-11	EUR/6/22749380-24582634	common	2
decode-25-15516-12	EUR/11/16821828-19289091	common	2
decode-25-16915-153	EUR/9/134697433-136067443	common	1
decode-25-19590-46	EUR/10/78702920-80126241	common	1
decode-25-3449-58	EUR/14/94427413-96101661	common	1
decode-25-3470-1	EUR/19/5354751-6508319	common	2
decode-25-4479-14	EUR/11/56199647-60340200	common	1
decode-25-4831-4	EUR/1/168414490-169838848	common	1
decode-25-4831-4	EUR/1/169838848-171908371	common	2
decode-25-5121-3	EUR/9/130234858-131671545	common	1
decode-25-5363-51	EUR/7/82385917-83133485	common	1
decode-25-6551-94	EUR/14/94427413-96101661	common	2
decode-25-7957-2	EUR/15/51725148-53874621	common	1
decode-25-8248-222	EUR/19/49946958-51755743	common	1
decode-25-8913-22	EUR/1/168414490-169838848	common	1
decode-25-9275-2	EUR/19/49946958-51755743	common	1
decode-26-10012-5	EUR/1/195599439-197971083	common	1
decode-26-2843-13	EUR/19/36970383-39931263	common	1
decode-26-4467-49	EUR/11/5228599-6898036	common	1
decode-26-4771-10	EUR/6/122787562-123977212	common	1
decode-26-5430-66	EUR/20/1405421-2520043	common	1
decode-26-5487-7	EUR/1/158933969-163173938	common	1
decode-26-5731-1	EUR/5/147056017-150108378	common	2
decode-26-5762-35	EUR/6/30425675-31282730	common	1
decode-26-7864-3	EUR/14/94427413-96101661	common	1
decode-26-7926-13	EUR/20/45448756-48583652	common	1
decode-26-8994-65	EUR/2/87936212-98380522	common	1
decode-26-9906-21	EUR/4/166726013-169759864	common	1
decode-27-11109-56	EUR/9/110325860-112069748	common	2
decode-27-12378-71	EUR/6/25684378-27258180	common	1
decode-27-3399-31	EUR/1/195599439-197971083	common	1
decode-27-6364-7	EUR/12/4309514-5914520	common	1
decode-27-6947-4	EUR/3/87001847-88340078	common	1
decode-27-6947-4	EUR/3/99327109-99624406	common	2
decode-27-7738-299	EUR/14/92917394-94427413	common	2
decode-28-10442-1	EUR/19/55215821-56919549	common	1
decode-28-11239-49	EUR/17/21400685-32554656	common	2
decode-28-12831-21	EUR/12/116319482-117427396	common	1
decode-28-13416-8	EUR/12/129894851-130929139	common	1
decode-28-16324-38	EUR/4/37897029-40870713	common	2
decode-28-16918-198	EUR/4/186471422-187773644	common	3
decode-28-2480-58	EUR/22/32439511-33959775	common	4
decode-28-2844-53	EUR/9/131671545-133622201	common	2
decode-28-3339-33	EUR/6/169069606-170741882	common	4
decode-28-3773-15	EUR/19/48198378-49946958	common	1
decode-28-4155-3	EUR/9/114257332-116276894	common	3
decode-28-4155-3	EUR/9/117971434-119020547	common	2
decode-28-4721-54	EUR/21/42773021-44195140	common	2
decode-28-5584-21	EUR/22/29034471-32439511	common	2
decode-28-8323-163	EUR/21/42773021-44195140	common	2
decode-29-12635-9	EUR/10/16509768-18247798	common	1
decode-29-14337-1	EUR/6/30106780-30425675	common	1
decode-29-3403-1	EUR/16/1194887-2035294	common	4
decode-29-5698-60	EUR/6/32518958-32648562	common	2
decode-29-9199-6	EUR/6/30106780-30425675	common	2
decode-30-10977-55	EUR/10/12817069-14370880	common	1
decode-30-15480-2	EUR/6/132391287-134250058	common	3
decode-30-17155-1	EUR/6/32648562-32877952	common	1
decode-30-17702-53	EUR/2/230980237-233975710	common	1
decode-30-19111-10	EUR/6/30106780-30425675	common	1
decode-30-3235-50	EUR/17/49918934-53040813	common	1
decode-30-5019-16	EUR/14/94427413-96101661	common	2
decode-30-7128-9	EUR/3/194169873-195494690	common	1
decode-30-7242-14	EUR/1/195599439-197971083	common	1
decode-30-9215-117	EUR/6/28904669-30106780	common	1
decode-30-9451-20	EUR/3/96083058-99327109	common	1
decode-30-9830-109	EUR/6/30106780-30425675	common	2
decode-31-16853-5	EUR/9/73177385-76027312	common	1
decode-31-6077-63	EUR/22/0-17238266	common	2
decode-32-19158-1	EUR/19/42788773-44935906	common	1
decode-32-19335-2	EUR/17/21400685-32554656	common	1
decode-32-7178-59	EUR/3/186204235-188486544	common	1
decode-32-8296-117	EUR/11/107179934-108041323	common	2
ebi-a-GCST007800	EUR/1/24201011-28100360	common	9
ebi-a-GCST007800	EUR/1/9307591-11764185	common	1
ebi-a-GCST90001480	EUR/1/197971083-201556198	common	2
ebi-a-GCST90001698	EUR/1/46791535-48604095	common	1
ebi-a-GCST90002102	EUR/2/37905569-39636070	common	1
ebi-a-GCST90002340	EUR/8/127646000-129685072	common	1
ebi-a-GCST90002369	EUR/15/90742782-92128515	common	1
ebi-a-GCST90002386	EUR/1/219180346-220978464	common	2
ebi-a-GCST90002397	EUR/8/40678173-41866032	common	1
ebi-a-GCST90002412	EUR/1/105867868-110131515	common	1
ebi-a-GCST90013872	EUR/2/233975710-235064513	common	1
ebi-a-GCST90013939	EUR/2/42110314-44160559	common	1
ebi-a-GCST90013980	EUR/1/171908371-175755086	common	1
ebi-a-GCST90013991	EUR/1/21002467-22858108	common	4
ebi-a-GCST90013991	EUR/6/22749380-24582634	common	1
ebi-a-GCST90013994	EUR/2/20501292-23481045	common	1
ebi-a-GCST90014002	EUR/1/158933969-163173938	common	1
ebi-a-GCST90014006	EUR/2/167654198-171232077	common	1
ebi-a-GCST90014023	EUR/6/31282730-32518958	common	2
ebi-a-GCST90018956	EUR/8/19634643-20281092	common	1
ebi-a-GCST90025945	EUR/12/108876352-112823299	common	1
ebi-a-GCST90025947	EUR/1/21002467-22858108	common	4
ebi-a-GCST90025947	EUR/19/48198378-49946958	common	1
ebi-a-GCST90025948	EUR/1/21002467-22858108	common	1
ebi-a-GCST90025952	EUR/19/42788773-44935906	common	2
ebi-a-GCST90025954	EUR/1/105867868-110131515	common	1
ebi-a-GCST90025954	EUR/19/42788773-44935906	common	2
ebi-a-GCST90025956	EUR/18/47597190-49678025	common	1
ebi-a-GCST90025957	EUR/1/61644626-63206060	common	1
ebi-a-GCST90025965	EUR/6/25684378-27258180	common	1
ebi-a-GCST90025966	EUR/12/119088779-121376241	common	1
ebi-a-GCST90025966	EUR/14/101699807-104158005	common	1
ebi-a-GCST90025967	EUR/11/12257886-15724846	common	2
ebi-a-GCST90025967	EUR/11/70534514-73239514	common	1
ebi-a-GCST90025969	EUR/6/25684378-27258180	common	2
ebi-a-GCST90025972	EUR/1/156424168-158933969	common	1
ebi-a-GCST90025974	EUR/1/156424168-158933969	common	1
ebi-a-GCST90025975	EUR/1/156424168-158933969	common	1
ebi-a-GCST90025979	EUR/22/43175707-44582535	common	1
ebi-a-GCST90025989	EUR/7/45205717-47883168	common	1
ebi-a-GCST90025993	EUR/6/159132623-161426875	common	9
ebi-a-GCST90028992	EUR/3/127360326-129368353	common	1
ebi-a-GCST90028993	EUR/10/23411554-25709995	common	1
ebi-a-GCST90028993	EUR/6/136986161-139524383	common	1
ebi-a-GCST90028995	EUR/16/10031-1194887	common	1
ebi-a-GCST90028995	EUR/4/53791570-56771785	common	1
ebi-a-GCST90028995	EUR/7/99354376-102496129	common	1
ebi-a-GCST90028996	EUR/12/27646955-29514747	common	1
ebi-a-GCST90028996	EUR/14/101699807-104158005	common	1
ebi-a-GCST90028996	EUR/18/68522727-70377233	common	1
ebi-a-GCST90028997	EUR/1/156424168-158933969	common	1
ebi-a-GCST90028998	EUR/2/181043711-185382375	common	1
ebi-a-GCST90028998	EUR/8/127646000-129685072	common	1
ebi-a-GCST90028999	EUR/1/171908371-175755086	common	1
ebi-a-GCST90028999	EUR/10/61150606-64035328	common	1
ebi-a-GCST90028999	EUR/12/108876352-112823299	common	1
ebi-a-GCST90028999	EUR/6/134250058-136986161	common	1
ebi-a-GCST90029004	EUR/10/51840359-53122778	common	1
ebi-a-GCST90029030	EUR/13/77460429-78234794	common	1
ebi-a-GCST90029030	EUR/15/26295433-29134579	common	1
ebi-a-GCST90029033	EUR/11/86981626-89815716	common	1
ebi-a-GCST90061440	EUR/12/5914520-8604885	common	1
ebi-a-GCST90092818	EUR/12/53989716-57143206	common	1
ebi-a-GCST90092828	EUR/15/57351455-59836878	common	1
ebi-a-GCST90092828	EUR/20/45448756-48583652	common	1
ebi-a-GCST90092848	EUR/15/57351455-59836878	common	1
ebi-a-GCST90092849	EUR/20/45448756-48583652	common	1
ebi-a-GCST90092850	EUR/15/57351455-59836878	common	1
ebi-a-GCST90092851	EUR/15/57351455-59836878	common	1
ebi-a-GCST90092852	EUR/15/57351455-59836878	common	1
ebi-a-GCST90092854	EUR/15/57351455-59836878	common	1
ebi-a-GCST90092865	EUR/15/57351455-59836878	common	1
ebi-a-GCST90092867	EUR/15/57351455-59836878	common	1
ebi-a-GCST90092904	EUR/19/42788773-44935906	common	1
ebi-a-GCST90092915	EUR/15/57351455-59836878	common	1
ebi-a-GCST90092947	EUR/15/57351455-59836878	common	1
ebi-a-GCST90092949	EUR/15/57351455-59836878	common	1
ebi-a-GCST90093004	EUR/20/45448756-48583652	common	1
ebi-a-GCST90093005	EUR/15/57351455-59836878	common	1
ebi-a-GCST90093006	EUR/20/45448756-48583652	common	1
ebi-a-GCST90093008	EUR/20/45448756-48583652	common	1
ebi-a-GCST90093009	EUR/15/57351455-59836878	common	1
ebi-a-GCST90093010	EUR/20/45448756-48583652	common	1
ebi-a-GCST90093011	EUR/20/45448756-48583652	common	1
ebi-a-GCST90093012	EUR/15/57351455-59836878	common	1
ebi-a-GCST90093012	EUR/20/45448756-48583652	common	1
ebi-a-GCST90093013	EUR/20/45448756-48583652	common	1
ebi-a-GCST90093014	EUR/15/57351455-59836878	common	1
ebi-a-GCST90093034	EUR/15/57351455-59836878	common	1
ebi-a-GCST90093035	EUR/15/57351455-59836878	common	1
ebi-a-GCST90093036	EUR/15/57351455-59836878	common	1
eqtlgen-cis-ENSG00000003137	EUR/2/69955817-72966516	common	1
eqtlgen-cis-ENSG00000035115	EUR/2/10560-1415211	common	2
eqtlgen-cis-ENSG00000058804	EUR/1/52650781-54549187	common	2
eqtlgen-cis-ENSG00000070540	EUR/17/66806071-69532290	common	1
eqtlgen-cis-ENSG00000083444	EUR/1/11764185-14394537	common	2
eqtlgen-cis-ENSG00000101298	EUR/20/914324-1405421	common	1
eqtlgen-cis-ENSG00000103196	EUR/16/84209071-84973419	common	1
eqtlgen-cis-ENSG00000104714	EUR/8/566193-1213521	common	1
eqtlgen-cis-ENSG00000110906	EUR/12/108876352-112823299	common	1
eqtlgen-cis-ENSG00000111696	EUR/12/103736758-105970320	common	1
eqtlgen-cis-ENSG00000114573	EUR/3/113222710-115565057	common	1
eqtlgen-cis-ENSG00000115998	EUR/2/69955817-72966516	common	3
eqtlgen-cis-ENSG00000116299	EUR/1/105867868-110131515	common	1
eqtlgen-cis-ENSG00000116688	EUR/1/11764185-14394537	common	3
eqtlgen-cis-ENSG00000132313	EUR/2/84168800-87936212	common	1
eqtlgen-cis-ENSG00000134815	EUR/19/47026140-48198378	common	1
eqtlgen-cis-ENSG00000135778	EUR/1/232178847-233626140	common	1
eqtlgen-cis-ENSG00000143297	EUR/1/156424168-158933969	common	1
eqtlgen-cis-ENSG00000143315	EUR/1/158933969-163173938	common	1
eqtlgen-cis-ENSG00000144115	EUR/2/87936212-98380522	common	3
eqtlgen-cis-ENSG00000149577	EUR/11/114145359-118153413	common	1
eqtlgen-cis-ENSG00000153157	EUR/6/8258409-11236809	common	1
eqtlgen-cis-ENSG00000155368	EUR/2/119274749-120798372	common	1
eqtlgen-cis-ENSG00000156603	EUR/11/56199647-60340200	common	1
eqtlgen-cis-ENSG00000162817	EUR/1/219180346-220978464	common	1
eqtlgen-cis-ENSG00000163527	EUR/3/31229789-33214100	common	1
eqtlgen-cis-ENSG00000167768	EUR/12/52559329-53989716	common	1
eqtlgen-cis-ENSG00000179598	EUR/17/14396575-18423015	common	1
eqtlgen-cis-ENSG00000180992	EUR/6/43990869-45126702	common	1
eqtlgen-cis-ENSG00000182873	EUR/1/1730405-3355587	common	2
eqtlgen-cis-ENSG00000183508	EUR/1/117574557-119585475	common	1
eqtlgen-cis-ENSG00000184293	EUR/12/8604885-9849404	common	1
eqtlgen-cis-ENSG00000185436	EUR/1/22858108-24201011	common	1
eqtlgen-cis-ENSG00000189171	EUR/1/153358890-156424168	common	7
eqtlgen-cis-ENSG00000213366	EUR/1/105867868-110131515	common	1
eqtlgen-cis-ENSG00000214274	EUR/14/20653557-22124728	common	1
eqtlgen-cis-ENSG00000224607	EUR/2/87936212-98380522	common	3
eqtlgen-cis-ENSG00000225523	EUR/2/87936212-98380522	common	4
interval-eQTL-cis-chr1-ENSG00000057252	EUR/1/178974441-182577190	common	5
interval-eQTL-cis-chr1-ENSG00000060642	EUR/1/24201011-28100360	common	1
interval-eQTL-cis-chr1-ENSG00000116791	EUR/1/74665625-78795698	common	1
interval-eQTL-cis-chr1-ENSG00000118217	EUR/1/158933969-163173938	common	2
interval-eQTL-cis-chr1-ENSG00000142632	EUR/1/15663423-17857084	common	1
interval-eQTL-cis-chr1-ENSG00000142694	EUR/1/32045886-37678016	common	2
interval-eQTL-cis-chr1-ENSG00000142856	EUR/1/63206060-66308667	common	1
interval-eQTL-cis-chr1-ENSG00000143297	EUR/1/156424168-158933969	common	1
interval-eQTL-cis-chr1-ENSG00000143799	EUR/1/225832854-227621870	common	2
interval-eQTL-cis-chr1-ENSG00000143851	EUR/1/201556198-203083201	common	1
interval-eQTL-cis-chr1-ENSG00000158747	EUR/1/18578075-19736509	common	1
interval-eQTL-cis-chr1-ENSG00000162366	EUR/1/46791535-48604095	common	1
interval-eQTL-cis-chr1-ENSG00000162779	EUR/1/178974441-182577190	common	3
interval-eQTL-cis-chr1-ENSG00000162817	EUR/1/219180346-220978464	common	1
interval-eQTL-cis-chr1-ENSG00000162877	EUR/1/205451010-206209814	common	2
interval-eQTL-cis-chr1-ENSG00000163468	EUR/1/153358890-156424168	common	1
interval-eQTL-cis-chr1-ENSG00000168765	EUR/1/105867868-110131515	common	1
interval-eQTL-cis-chr1-ENSG00000173660	EUR/1/43828739-46791535	common	1
interval-eQTL-cis-chr1-ENSG00000174574	EUR/1/38448977-39735335	common	1
interval-eQTL-cis-chr1-ENSG00000176393	EUR/1/201556198-203083201	common	1
interval-eQTL-cis-chr1-ENSG00000177868	EUR/1/41145142-42450056	common	1
interval-eQTL-cis-chr1-ENSG00000183598	EUR/1/148441356-151566310	common	1
interval-eQTL-cis-chr1-ENSG00000184389	EUR/1/32045886-37678016	common	1
interval-eQTL-cis-chr1-ENSG00000218510	EUR/1/21002467-22858108	common	1
interval-eQTL-cis-chr1-ENSG00000288398	EUR/1/15663423-17857084	common	1
interval-eQTL-cis-chr10-ENSG00000043591	EUR/10/113568394-116660024	common	1
interval-eQTL-cis-chr10-ENSG00000107611	EUR/10/16509768-18247798	common	1
interval-eQTL-cis-chr10-ENSG00000119979	EUR/10/116660024-120116383	common	1
interval-eQTL-cis-chr10-ENSG00000148484	EUR/10/16509768-18247798	common	1
interval-eQTL-cis-chr10-ENSG00000156113	EUR/10/77446959-78702920	common	2
interval-eQTL-cis-chr10-ENSG00000165806	EUR/10/113568394-116660024	common	3
interval-eQTL-cis-chr10-ENSG00000175395	EUR/10/37545448-41707258	common	3
interval-eQTL-cis-chr10-ENSG00000183049	EUR/10/10502538-12817069	common	2
interval-eQTL-cis-chr10-ENSG00000233968	EUR/10/19429335-20628450	common	2
interval-eQTL-cis-chr10-ENSG00000235010	EUR/10/131202243-132796782	common	1
interval-eQTL-cis-chr10-ENSG00000240291	EUR/10/18247798-19429335	common	1
interval-eQTL-cis-chr10-ENSG00000252438	EUR/10/10502538-12817069	common	1
interval-eQTL-cis-chr11-ENSG00000021300	EUR/11/73239514-76634466	common	1
interval-eQTL-cis-chr11-ENSG00000023191	EUR/11/128446-2028171	common	1
interval-eQTL-cis-chr11-ENSG00000064201	EUR/11/2028171-4444924	common	1
interval-eQTL-cis-chr11-ENSG00000075239	EUR/11/107179934-108041323	common	2
interval-eQTL-cis-chr11-ENSG00000109861	EUR/11/86981626-89815716	common	1
interval-eQTL-cis-chr11-ENSG00000110665	EUR/11/2028171-4444924	common	1
interval-eQTL-cis-chr11-ENSG00000110768	EUR/11/16821828-19289091	common	1
interval-eQTL-cis-chr11-ENSG00000118181	EUR/11/118153413-120628687	common	1
interval-eQTL-cis-chr11-ENSG00000126432	EUR/11/63591911-66158645	common	1
interval-eQTL-cis-chr11-ENSG00000134824	EUR/11/60340200-63591911	common	1
interval-eQTL-cis-chr11-ENSG00000148925	EUR/11/12257886-15724846	common	2
interval-eQTL-cis-chr11-ENSG00000149256	EUR/11/79060044-80417878	common	1
interval-eQTL-cis-chr11-ENSG00000151376	EUR/11/84668991-86715836	common	1
interval-eQTL-cis-chr11-ENSG00000151715	EUR/11/129543969-130633717	common	1
interval-eQTL-cis-chr11-ENSG00000166471	EUR/11/9067573-10940012	common	2
interval-eQTL-cis-chr11-ENSG00000168071	EUR/11/63591911-66158645	common	1
interval-eQTL-cis-chr11-ENSG00000175567	EUR/11/73239514-76634466	common	1
interval-eQTL-cis-chr11-ENSG00000176485	EUR/11/63591911-66158645	common	1
interval-eQTL-cis-chr11-ENSG00000177951	EUR/11/128446-2028171	common	1
interval-eQTL-cis-chr11-ENSG00000254682	EUR/11/70534514-73239514	common	1
interval-eQTL-cis-chr11-ENSG00000261098	EUR/11/107179934-108041323	common	1
interval-eQTL-cis-chr12-ENSG00000013583	EUR/12/12582501-14114541	common	1
interval-eQTL-cis-chr12-ENSG00000066084	EUR/12/48762437-51382710	common	1
interval-eQTL-cis-chr12-ENSG00000076067	EUR/12/53989716-57143206	common	1
interval-eQTL-cis-chr12-ENSG00000089169	EUR/12/112823299-113743304	common	2
interval-eQTL-cis-chr12-ENSG00000120645	EUR/12/10709-1525284	common	1
interval-eQTL-cis-chr12-ENSG00000123268	EUR/12/48762437-51382710	common	2
interval-eQTL-cis-chr12-ENSG00000134545	EUR/12/9849404-12582501	common	1
interval-eQTL-cis-chr12-ENSG00000139629	EUR/12/51382710-52559329	common	1
interval-eQTL-cis-chr12-ENSG00000161791	EUR/12/48762437-51382710	common	3
interval-eQTL-cis-chr12-ENSG00000167768	EUR/12/52559329-53989716	common	1
interval-eQTL-cis-chr12-ENSG00000213809	EUR/12/9849404-12582501	common	1
interval-eQTL-cis-chr12-ENSG00000225231	EUR/12/9849404-12582501	common	2
interval-eQTL-cis-chr12-ENSG00000256377	EUR/12/27646955-29514747	common	1
interval-eQTL-cis-chr13-ENSG00000041515	EUR/13/108057284-108810278	common	1
interval-eQTL-cis-chr13-ENSG00000102805	EUR/13/74949651-77460429	common	2
interval-eQTL-cis-chr13-ENSG00000130177	EUR/13/112916848-114353285	common	1
interval-eQTL-cis-chr13-ENSG00000136108	EUR/13/51150722-52140828	common	1
interval-eQTL-cis-chr13-ENSG00000152749	EUR/13/91113252-94825176	common	1
interval-eQTL-cis-chr14-ENSG00000119684	EUR/14/74348536-76761476	common	1
interval-eQTL-cis-chr14-ENSG00000126822	EUR/14/63870820-65238401	common	2
interval-eQTL-cis-chr14-ENSG00000140105	EUR/14/98672420-100895224	common	1
interval-eQTL-cis-chr14-ENSG00000156414	EUR/14/101699807-104158005	common	2
interval-eQTL-cis-chr14-ENSG00000165934	EUR/14/90720077-92917394	common	1
interval-eQTL-cis-chr14-ENSG00000169385	EUR/14/20653557-22124728	common	1
interval-eQTL-cis-chr14-ENSG00000175985	EUR/14/69347807-72421356	common	2
interval-eQTL-cis-chr14-ENSG00000203485	EUR/14/104158005-105486004	common	2
interval-eQTL-cis-chr14-ENSG00000211934	EUR/14/105486004-106882741	common	1
interval-eQTL-cis-chr15-ENSG00000103811	EUR/15/75910714-79704552	common	1
interval-eQTL-cis-chr15-ENSG00000136381	EUR/15/75910714-79704552	common	1
interval-eQTL-cis-chr15-ENSG00000137878	EUR/15/57351455-59836878	common	1
interval-eQTL-cis-chr15-ENSG00000243708	EUR/15/39379313-44802998	common	2
interval-eQTL-cis-chr15-ENSG00000258476	EUR/15/92128515-93965854	common	1
interval-eQTL-cis-chr15-ENSG00000258831	EUR/15/92128515-93965854	common	1
interval-eQTL-cis-chr15-ENSG00000259560	EUR/15/87162030-88827392	common	2
interval-eQTL-cis-chr16-ENSG00000086504	EUR/16/10031-1194887	common	2
interval-eQTL-cis-chr16-ENSG00000103351	EUR/16/2035294-4203991	common	2
interval-eQTL-cis-chr16-ENSG00000121281	EUR/16/46381684-51034025	common	1
interval-eQTL-cis-chr16-ENSG00000122386	EUR/16/2035294-4203991	common	1
interval-eQTL-cis-chr16-ENSG00000153048	EUR/16/8403267-10253640	common	1
interval-eQTL-cis-chr16-ENSG00000159753	EUR/16/67561130-70486376	common	2
interval-eQTL-cis-chr16-ENSG00000167261	EUR/16/67561130-70486376	common	2
interval-eQTL-cis-chr16-ENSG00000183793	EUR/16/13224694-17160447	common	1
interval-eQTL-cis-chr16-ENSG00000185324	EUR/16/88487888-90220225	common	2
interval-eQTL-cis-chr16-ENSG00000262714	EUR/16/51034025-53815773	common	1
interval-eQTL-cis-chr17-ENSG00000006282	EUR/17/49918934-53040813	common	1
interval-eQTL-cis-chr17-ENSG00000070540	EUR/17/66806071-69532290	common	1
interval-eQTL-cis-chr17-ENSG00000131242	EUR/17/21400685-32554656	common	1
interval-eQTL-cis-chr17-ENSG00000141526	EUR/17/81730962-83242554	common	1
interval-eQTL-cis-chr17-ENSG00000167525	EUR/17/21400685-32554656	common	1
interval-eQTL-cis-chr17-ENSG00000167850	EUR/17/74173501-76595643	common	1
interval-eQTL-cis-chr17-ENSG00000172123	EUR/17/34351819-35674782	common	1
interval-eQTL-cis-chr17-ENSG00000181031	EUR/17/120360-797447	common	1
interval-eQTL-cis-chr17-ENSG00000181409	EUR/17/79784798-81730962	common	1
interval-eQTL-cis-chr17-ENSG00000185561	EUR/17/1037030-2732380	common	1
interval-eQTL-cis-chr17-ENSG00000186395	EUR/17/40098239-41502931	common	3
interval-eQTL-cis-chr17-ENSG00000198933	EUR/17/45535398-49918934	common	2
interval-eQTL-cis-chr17-ENSG00000267123	EUR/17/77620604-79101279	common	1
interval-eQTL-cis-chr17-ENSG00000267801	EUR/17/74173501-76595643	common	1
interval-eQTL-cis-chr17-ENSG00000278740	EUR/17/66806071-69532290	common	1
interval-eQTL-cis-chr18-ENSG00000101558	EUR/18/7689008-10102919	common	1
interval-eQTL-cis-chr18-ENSG00000101654	EUR/18/12528622-15410468	common	1
interval-eQTL-cis-chr18-ENSG00000122490	EUR/18/79390792-80262725	common	2
interval-eQTL-cis-chr18-ENSG00000134759	EUR/18/31346665-36213990	common	1
interval-eQTL-cis-chr18-ENSG00000197971	EUR/18/76580086-78023072	common	1
interval-eQTL-cis-chr18-ENSG00000263753	EUR/18/3426140-5365539	common	1
interval-eQTL-cis-chr19-ENSG00000104883	EUR/19/6508319-8288001	common	1
interval-eQTL-cis-chr19-ENSG00000104894	EUR/19/48198378-49946958	common	2
interval-eQTL-cis-chr19-ENSG00000105248	EUR/19/2538142-5354751	common	1
interval-eQTL-cis-chr19-ENSG00000126246	EUR/19/33649275-35847275	common	3
interval-eQTL-cis-chr19-ENSG00000129353	EUR/19/8288001-11172307	common	1
interval-eQTL-cis-chr19-ENSG00000130312	EUR/19/15120917-17934310	common	2
interval-eQTL-cis-chr19-ENSG00000142046	EUR/19/41195623-42788773	common	2
interval-eQTL-cis-chr19-ENSG00000160439	EUR/19/54196103-55215821	common	1
interval-eQTL-cis-chr19-ENSG00000160961	EUR/19/13465825-15120917	common	2
interval-eQTL-cis-chr19-ENSG00000161265	EUR/19/33649275-35847275	common	1
interval-eQTL-cis-chr19-ENSG00000167670	EUR/19/2538142-5354751	common	1
interval-eQTL-cis-chr19-ENSG00000176472	EUR/19/42788773-44935906	common	1
interval-eQTL-cis-chr19-ENSG00000233927	EUR/19/8288001-11172307	common	1
interval-eQTL-cis-chr19-ENSG00000261824	EUR/19/23058970-28405898	common	1
interval-eQTL-cis-chr19-ENSG00000267174	EUR/19/11172307-13465825	common	1
interval-eQTL-cis-chr19-ENSG00000268204	EUR/19/6508319-8288001	common	2
interval-eQTL-cis-chr19-ENSG00000279103	EUR/19/42788773-44935906	common	2
interval-eQTL-cis-chr19-ENSG00000286177	EUR/19/41195623-42788773	common	1
interval-eQTL-cis-chr2-ENSG00000018280	EUR/2/217917700-220583739	common	1
interval-eQTL-cis-chr2-ENSG00000019169	EUR/2/118196267-119274749	common	2
interval-eQTL-cis-chr2-ENSG00000115290	EUR/2/163746622-167654198	common	2
interval-eQTL-cis-chr2-ENSG00000115365	EUR/2/209232020-212714100	common	3
interval-eQTL-cis-chr2-ENSG00000115484	EUR/2/60785914-63407494	common	1
interval-eQTL-cis-chr2-ENSG00000115507	EUR/2/60785914-63407494	common	1
interval-eQTL-cis-chr2-ENSG00000115902	EUR/2/63407494-65708259	common	2
interval-eQTL-cis-chr2-ENSG00000115919	EUR/2/142497412-144463853	common	1
interval-eQTL-cis-chr2-ENSG00000115956	EUR/2/67755902-69124831	common	2
interval-eQTL-cis-chr2-ENSG00000118961	EUR/2/20501292-23481045	common	1
interval-eQTL-cis-chr2-ENSG00000138061	EUR/2/37905569-39636070	common	2
interval-eQTL-cis-chr2-ENSG00000143933	EUR/2/46829710-48726210	common	1
interval-eQTL-cis-chr2-ENSG00000152256	EUR/2/171232077-173021162	common	1
interval-eQTL-cis-chr2-ENSG00000168874	EUR/2/84168800-87936212	common	1
interval-eQTL-cis-chr2-ENSG00000179818	EUR/2/69955817-72966516	common	2
interval-eQTL-cis-chr2-ENSG00000183891	EUR/2/18170734-20501292	common	1
interval-eQTL-cis-chr2-ENSG00000236209	EUR/2/73895096-77154626	common	1
interval-eQTL-cis-chr2-ENSG00000287091	EUR/2/159697979-163746622	common	2
interval-eQTL-cis-chr2-ENSG00000288524	EUR/2/124539302-127139155	common	2
interval-eQTL-cis-chr20-ENSG00000089177	EUR/20/16077862-17470575	common	2
interval-eQTL-cis-chr20-ENSG00000101439	EUR/20/22799227-31989284	common	1
interval-eQTL-cis-chr20-ENSG00000130590	EUR/20/62837570-64331539	common	1
interval-eQTL-cis-chr20-ENSG00000166913	EUR/20/43215885-45448756	common	1
interval-eQTL-cis-chr20-ENSG00000203880	EUR/20/62837570-64331539	common	1
interval-eQTL-cis-chr20-ENSG00000274173	EUR/20/22799227-31989284	common	1
interval-eQTL-cis-chr21-ENSG00000159231	EUR/21/34495846-36781246	common	1
interval-eQTL-cis-chr21-ENSG00000159256	EUR/21/34495846-36781246	common	1
interval-eQTL-cis-chr21-ENSG00000160194	EUR/21/42773021-44195140	common	1
interval-eQTL-cis-chr21-ENSG00000160200	EUR/21/42773021-44195140	common	1
interval-eQTL-cis-chr22-ENSG00000100151	EUR/22/37164130-39467726	common	1
interval-eQTL-cis-chr22-ENSG00000100218	EUR/22/22943803-24009620	common	3
interval-eQTL-cis-chr22-ENSG00000100298	EUR/22/37164130-39467726	common	1
interval-eQTL-cis-chr22-ENSG00000100350	EUR/22/35695831-37164130	common	1
interval-eQTL-cis-chr22-ENSG00000167074	EUR/22/40808319-43175707	common	1
interval-eQTL-cis-chr22-ENSG00000188511	EUR/22/49357190-50799822	common	1
interval-eQTL-cis-chr22-ENSG00000235954	EUR/22/27549880-29034471	common	1
interval-eQTL-cis-chr22-ENSG00000239713	EUR/22/37164130-39467726	common	2
interval-eQTL-cis-chr22-ENSG00000273311	EUR/22/17238266-19744294	common	1
interval-eQTL-cis-chr3-ENSG00000010327	EUR/3/52179438-54605182	common	2
interval-eQTL-cis-chr3-ENSG00000082996	EUR/3/148836547-150895438	common	2
interval-eQTL-cis-chr3-ENSG00000129055	EUR/3/133416312-135549808	common	1
interval-eQTL-cis-chr3-ENSG00000163389	EUR/3/117121230-119789596	common	2
interval-eQTL-cis-chr3-ENSG00000163660	EUR/3/157073924-159551551	common	1
interval-eQTL-cis-chr3-ENSG00000168016	EUR/3/34773314-37490365	common	1
interval-eQTL-cis-chr3-ENSG00000198919	EUR/3/108150910-109806293	common	1
interval-eQTL-cis-chr3-ENSG00000242086	EUR/3/195494690-196653736	common	1
interval-eQTL-cis-chr3-ENSG00000265992	EUR/3/54605182-55837505	common	2
interval-eQTL-cis-chr3-ENSG00000286699	EUR/3/99624406-102183048	common	1
interval-eQTL-cis-chr4-ENSG00000013810	EUR/4/1524981-2308201	common	1
interval-eQTL-cis-chr4-ENSG00000138738	EUR/4/119509632-121537361	common	1
interval-eQTL-cis-chr4-ENSG00000138744	EUR/4/74394244-77413400	common	1
interval-eQTL-cis-chr4-ENSG00000145284	EUR/4/82753883-84512249	common	1
interval-eQTL-cis-chr4-ENSG00000145439	EUR/4/166726013-169759864	common	2
interval-eQTL-cis-chr4-ENSG00000150625	EUR/4/175209212-178480786	common	1
interval-eQTL-cis-chr4-ENSG00000151470	EUR/4/128761282-130181937	common	1
interval-eQTL-cis-chr4-ENSG00000163682	EUR/4/37897029-40870713	common	1
interval-eQTL-cis-chr4-ENSG00000170846	EUR/4/5816617-7366767	common	1
interval-eQTL-cis-chr4-ENSG00000174749	EUR/4/110141227-112325437	common	1
interval-eQTL-cis-chr4-ENSG00000197888	EUR/4/66736108-68627180	common	1
interval-eQTL-cis-chr4-ENSG00000251022	EUR/4/82753883-84512249	common	1
interval-eQTL-cis-chr4-ENSG00000251600	EUR/4/142307351-143956740	common	1
interval-eQTL-cis-chr4-ENSG00000281501	EUR/4/23921851-26185805	common	2
interval-eQTL-cis-chr4-ENSG00000287104	EUR/4/5816617-7366767	common	1
interval-eQTL-cis-chr5-ENSG00000037280	EUR/5/179671059-181362530	common	1
interval-eQTL-cis-chr5-ENSG00000055163	EUR/5/157202743-159399239	common	2
interval-eQTL-cis-chr5-ENSG00000066583	EUR/5/127606135-129539728	common	1
interval-eQTL-cis-chr5-ENSG00000070614	EUR/5/150108378-151593050	common	2
interval-eQTL-cis-chr5-ENSG00000113300	EUR/5/179671059-181362530	common	2
interval-eQTL-cis-chr5-ENSG00000145545	EUR/5/5991717-7023201	common	1
interval-eQTL-cis-chr5-ENSG00000164181	EUR/5/58799380-61790609	common	1
interval-eQTL-cis-chr5-ENSG00000164346	EUR/5/74672139-77129124	common	3
interval-eQTL-cis-chr5-ENSG00000170469	EUR/5/137607787-140031561	common	2
interval-eQTL-cis-chr5-ENSG00000172548	EUR/5/157202743-159399239	common	2
interval-eQTL-cis-chr5-ENSG00000183323	EUR/5/68013947-71096890	common	1
interval-eQTL-cis-chr5-ENSG00000250081	EUR/5/64109946-66303964	common	2
interval-eQTL-cis-chr5-ENSG00000271828	EUR/5/56272660-58799380	common	1
interval-eQTL-cis-chr5-ENSG00000286818	EUR/5/78741315-81767571	common	2
interval-eQTL-cis-chr6-ENSG00000031691	EUR/6/47741960-49528149	common	1
interval-eQTL-cis-chr6-ENSG00000047579	EUR/6/14328035-16807772	common	1
interval-eQTL-cis-chr6-ENSG00000135587	EUR/6/107099183-109962510	common	1
interval-eQTL-cis-chr6-ENSG00000204644	EUR/6/27258180-28904669	common	2
interval-eQTL-cis-chr6-ENSG00000219607	EUR/6/4659841-5664155	common	1
interval-eQTL-cis-chr6-ENSG00000228506	EUR/6/99226864-101418492	common	2
interval-eQTL-cis-chr6-ENSG00000243955	EUR/6/52346029-53939938	common	2
interval-eQTL-cis-chr6-ENSG00000255389	EUR/6/111111870-114281525	common	2
interval-eQTL-cis-chr6-ENSG00000286940	EUR/6/31282730-32518958	common	1
interval-eQTL-cis-chr7-ENSG00000122591	EUR/7/22732641-25868614	common	2
interval-eQTL-cis-chr7-ENSG00000122679	EUR/7/45205717-47883168	common	1
interval-eQTL-cis-chr7-ENSG00000146535	EUR/7/2441094-3307193	common	2
interval-eQTL-cis-chr7-ENSG00000146859	EUR/7/133309880-136288228	common	1
interval-eQTL-cis-chr7-ENSG00000164849	EUR/7/386899-1286744	common	2
interval-eQTL-cis-chr7-ENSG00000177706	EUR/7/31439-386899	common	2
interval-eQTL-cis-chr7-ENSG00000178381	EUR/7/386899-1286744	common	1
interval-eQTL-cis-chr7-ENSG00000188372	EUR/7/75960520-78464626	common	1
interval-eQTL-cis-chr7-ENSG00000228649	EUR/7/22732641-25868614	common	2
interval-eQTL-cis-chr7-ENSG00000243566	EUR/7/75960520-78464626	common	1
interval-eQTL-cis-chr7-ENSG00000282572	EUR/7/31439-386899	common	1
interval-eQTL-cis-chr7-ENSG00000287733	EUR/7/133309880-136288228	common	1
interval-eQTL-cis-chr8-ENSG00000104219	EUR/8/17133745-18658702	common	1
interval-eQTL-cis-chr8-ENSG00000104341	EUR/8/95522578-98079825	common	1
interval-eQTL-cis-chr8-ENSG00000104660	EUR/8/27902108-31277048	common	2
interval-eQTL-cis-chr8-ENSG00000129422	EUR/8/17133745-18658702	common	1
interval-eQTL-cis-chr8-ENSG00000154319	EUR/8/9819706-11624755	common	1
interval-eQTL-cis-chr8-ENSG00000156795	EUR/8/122785250-125397972	common	1
interval-eQTL-cis-chr8-ENSG00000165061	EUR/8/40678173-41866032	common	1
interval-eQTL-cis-chr8-ENSG00000177570	EUR/8/117286508-120544782	common	1
interval-eQTL-cis-chr8-ENSG00000265817	EUR/8/93995322-95522578	common	1
interval-eQTL-cis-chr8-ENSG00000269918	EUR/8/9819706-11624755	common	2
interval-eQTL-cis-chr9-ENSG00000099219	EUR/9/5557422-7376754	common	2
interval-eQTL-cis-chr9-ENSG00000119411	EUR/9/112069748-114257332	common	1
interval-eQTL-cis-chr9-ENSG00000137070	EUR/9/32738472-35906658	common	2
interval-eQTL-cis-chr9-ENSG00000147883	EUR/9/20472385-23084615	common	2
interval-eQTL-cis-chr9-ENSG00000154330	EUR/9/43269938-69277370	common	1
interval-eQTL-cis-chr9-ENSG00000155158	EUR/9/14334668-16658917	common	1
interval-eQTL-cis-chr9-ENSG00000159921	EUR/9/35906658-37684756	common	3
interval-eQTL-cis-chr9-ENSG00000165280	EUR/9/32738472-35906658	common	1
interval-eQTL-cis-chr9-ENSG00000175164	EUR/9/131671545-133622201	common	2
interval-eQTL-cis-chr9-ENSG00000196730	EUR/9/86578838-88776717	common	1
interval-eQTL-cis-chr9-ENSG00000197355	EUR/9/136747654-138221689	common	2
interval-eQTL-cis-chr9-ENSG00000197958	EUR/9/126717310-127442497	common	2
interval-eQTL-cis-chr9-ENSG00000198121	EUR/9/110325860-112069748	common	2
interval-eQTL-cis-chr9-ENSG00000204001	EUR/9/136067443-136747654	common	1
interval-eQTL-cis-chr9-ENSG00000205808	EUR/9/3996794-5557422	common	1
interval-eQTL-cis-chr9-ENSG00000237359	EUR/9/2170859-3996794	common	1
interval-eQTL-cis-chr9-ENSG00000279073	EUR/9/136747654-138221689	common	2
interval-sQTL-cis-chr1-1:111137586:111139501:clu-32966--	EUR/1/110131515-111945212	common	2
interval-sQTL-cis-chr1-1:111139666:111140038:clu-32966--	EUR/1/110131515-111945212	common	1
interval-sQTL-cis-chr1-1:112703806:112707078:clu-33057--	EUR/1/111945212-113276642	common	2
interval-sQTL-cis-chr1-1:156233728:156236349:clu-172053-+	EUR/1/153358890-156424168	common	1
interval-sQTL-cis-chr1-1:157279287:157282578:clu-172226-+	EUR/1/156424168-158933969	common	1
interval-sQTL-cis-chr1-1:169541048:169541292:clu-35843--	EUR/1/168414490-169838848	common	1
interval-sQTL-cis-chr1-1:172455335:172456389:clu-35930--	EUR/1/171908371-175755086	common	1
interval-sQTL-cis-chr1-1:179884769:179889313:clu-173083-+	EUR/1/178974441-182577190	common	5
interval-sQTL-cis-chr1-1:182383930:182384051:clu-36204--	EUR/1/178974441-182577190	common	1
interval-sQTL-cis-chr1-1:209779374:209780470:clu-174077-+	EUR/1/208237501-210906847	common	1
interval-sQTL-cis-chr1-1:226940399:226961377:clu-174535-+	EUR/1/225832854-227621870	common	2
interval-sQTL-cis-chr1-1:228494270:228494619:clu-174692-+	EUR/1/227621870-230642745	common	2
interval-sQTL-cis-chr1-1:47228522:47229196:clu-31615--	EUR/1/46791535-48604095	common	1
interval-sQTL-cis-chr1-1:53888986:53889244:clu-31831--	EUR/1/52650781-54549187	common	1
interval-sQTL-cis-chr1-1:5875058:5877093:clu-28160--	EUR/1/5649773-7451118	common	1
interval-sQTL-cis-chr1-1:5875100:5877093:clu-28160--	EUR/1/5649773-7451118	common	1
interval-sQTL-cis-chr10-10:100986572:100986749:clu-178145--	EUR/10/100331627-104382250	common	2
interval-sQTL-cis-chr10-10:100986975:100987090:clu-178145--	EUR/10/100331627-104382250	common	1
interval-sQTL-cis-chr10-10:28526008:28532442:clu-176103--	EUR/10/28447474-29996990	common	2
interval-sQTL-cis-chr10-10:45757139:45763388:clu-89947-+	EUR/10/44040315-47907130	common	1
interval-sQTL-cis-chr10-10:71750575:71750703:clu-177037--	EUR/10/71298712-73939296	common	1
interval-sQTL-cis-chr11-11:130123779:130126700:clu-219870-+	EUR/11/129543969-130633717	common	1
interval-sQTL-cis-chr11-11:32602114:32602279:clu-215485-+	EUR/11/30827313-33937829	common	2
interval-sQTL-cis-chr11-11:502181:507113:clu-121287--	EUR/11/128446-2028171	common	1
interval-sQTL-cis-chr11-11:58530524:58549786:clu-123095--	EUR/11/56199647-60340200	common	3
interval-sQTL-cis-chr11-11:60383288:60385088:clu-216227-+	EUR/11/60340200-63591911	common	1
interval-sQTL-cis-chr11-11:64350621:64350806:clu-216741-+	EUR/11/63591911-66158645	common	2
interval-sQTL-cis-chr11-11:64355367:64355601:clu-216727-+	EUR/11/63591911-66158645	common	1
interval-sQTL-cis-chr11-11:66058405:66058830:clu-217028-+	EUR/11/63591911-66158645	common	1
interval-sQTL-cis-chr11-11:66058405:66059225:clu-217028-+	EUR/11/63591911-66158645	common	1
interval-sQTL-cis-chr11-11:66438259:66438632:clu-124533--	EUR/11/66158645-69043369	common	1
interval-sQTL-cis-chr11-11:66438259:66438710:clu-124533--	EUR/11/66158645-69043369	common	1
interval-sQTL-cis-chr11-11:73676303:73676707:clu-125234--	EUR/11/73239514-76634466	common	1
interval-sQTL-cis-chr11-11:73676303:73677545:clu-125234--	EUR/11/73239514-76634466	common	1
interval-sQTL-cis-chr11-11:763216:763280:clu-214543-+	EUR/11/128446-2028171	common	2
interval-sQTL-cis-chr11-11:86326676:86337379:clu-218739-+	EUR/11/84668991-86715836	common	1
interval-sQTL-cis-chr11-11:88309318:88312388:clu-125652--	EUR/11/86981626-89815716	common	1
interval-sQTL-cis-chr12-12:10118590:10125087:clu-159331--	EUR/12/9849404-12582501	common	2
interval-sQTL-cis-chr12-12:106314493:106314892:clu-60979-+	EUR/12/105970320-108876352	common	1
interval-sQTL-cis-chr12-12:108623797:108623858:clu-61055-+	EUR/12/105970320-108876352	common	1
interval-sQTL-cis-chr12-12:124911899:124913040:clu-163882--	EUR/12/124360734-127025612	common	1
interval-sQTL-cis-chr12-12:124911952:124912637:clu-163882--	EUR/12/124360734-127025612	common	1
interval-sQTL-cis-chr12-12:124911978:124912663:clu-163881--	EUR/12/124360734-127025612	common	1
interval-sQTL-cis-chr12-12:124912611:124912663:clu-163881--	EUR/12/124360734-127025612	common	4
interval-sQTL-cis-chr12-12:124913111:124913340:clu-163886--	EUR/12/124360734-127025612	common	2
interval-sQTL-cis-chr12-12:124913267:124913496:clu-163882--	EUR/12/124360734-127025612	common	1
interval-sQTL-cis-chr12-12:126730803:126732364:clu-163923--	EUR/12/124360734-127025612	common	2
interval-sQTL-cis-chr12-12:47206069:47206511:clu-160100--	EUR/12/45630903-48762437	common	1
interval-sQTL-cis-chr12-12:47206145:47209281:clu-160100--	EUR/12/45630903-48762437	common	1
interval-sQTL-cis-chr12-12:50134068:50134546:clu-160416--	EUR/12/48762437-51382710	common	1
interval-sQTL-cis-chr12-12:53665428:53666635:clu-160803--	EUR/12/52559329-53989716	common	1
interval-sQTL-cis-chr12-12:57718421:57718993:clu-59986-+	EUR/12/57143206-58578966	common	1
interval-sQTL-cis-chr12-12:585998:587878:clu-158579--	EUR/12/10709-1525284	common	1
interval-sQTL-cis-chr12-12:6537939:6538260:clu-57467-+	EUR/12/5914520-8604885	common	2
interval-sQTL-cis-chr12-12:70243204:70243312:clu-161762--	EUR/12/68398491-70565477	common	2
interval-sQTL-cis-chr12-12:8370429:8390270:clu-159182--	EUR/12/5914520-8604885	common	1
interval-sQTL-cis-chr12-12:8388126:8390270:clu-159182--	EUR/12/5914520-8604885	common	1
interval-sQTL-cis-chr12-12:9648328:9653683:clu-57879-+	EUR/12/8604885-9849404	common	2
interval-sQTL-cis-chr12-12:9655979:9656921:clu-57880-+	EUR/12/8604885-9849404	common	1
interval-sQTL-cis-chr12-12:9965379:9969230:clu-57910-+	EUR/12/9849404-12582501	common	1
interval-sQTL-cis-chr12-12:9965379:9971577:clu-57910-+	EUR/12/9849404-12582501	common	1
interval-sQTL-cis-chr12-12:9971469:9971577:clu-57910-+	EUR/12/9849404-12582501	common	1
interval-sQTL-cis-chr13-13:46127544:46127621:clu-17813--	EUR/13/45922605-46753025	common	2
interval-sQTL-cis-chr13-13:46130938:46134127:clu-17788--	EUR/13/45922605-46753025	common	1
interval-sQTL-cis-chr14-14:100337104:100342498:clu-213536--	EUR/14/98672420-100895224	common	2
interval-sQTL-cis-chr14-14:22880448:22880746:clu-74649-+	EUR/14/22124728-24958905	common	1
interval-sQTL-cis-chr14-14:39319291:39326864:clu-75301-+	EUR/14/35390868-39873373	common	2
interval-sQTL-cis-chr14-14:39321056:39324269:clu-75301-+	EUR/14/35390868-39873373	common	2
interval-sQTL-cis-chr14-14:64732901:64736853:clu-75883-+	EUR/14/63870820-65238401	common	1
interval-sQTL-cis-chr14-14:64736374:64736853:clu-75883-+	EUR/14/63870820-65238401	common	1
interval-sQTL-cis-chr14-14:71321181:71512743:clu-76125-+	EUR/14/69347807-72421356	common	3
interval-sQTL-cis-chr14-14:71576587:71587571:clu-76127-+	EUR/14/69347807-72421356	common	2
interval-sQTL-cis-chr14-14:74298069:74299548:clu-212758--	EUR/14/72421356-74348536	common	2
interval-sQTL-cis-chr14-14:74298069:74300150:clu-212758--	EUR/14/72421356-74348536	common	2
interval-sQTL-cis-chr14-14:91170186:91173289:clu-76687-+	EUR/14/90720077-92917394	common	1
interval-sQTL-cis-chr14-14:92118966:92121642:clu-213246--	EUR/14/90720077-92917394	common	1
interval-sQTL-cis-chr14-14:94378640:94381080:clu-213356--	EUR/14/92917394-94427413	common	1
interval-sQTL-cis-chr15-15:34405055:34407524:clu-14336--	EUR/15/33236067-35434893	common	2
interval-sQTL-cis-chr15-15:34551276:34553745:clu-14339--	EUR/15/33236067-35434893	common	2
interval-sQTL-cis-chr15-15:55317867:55318931:clu-15264--	EUR/15/53874621-56033314	common	1
interval-sQTL-cis-chr15-15:82992046:83008548:clu-16483--	EUR/15/81898534-85800197	common	3
interval-sQTL-cis-chr16-16:119255:123704:clu-6534--	EUR/16/10031-1194887	common	1
interval-sQTL-cis-chr16-16:130591:138150:clu-6534--	EUR/16/10031-1194887	common	1
interval-sQTL-cis-chr16-16:14951768:14951895:clu-79503-+	EUR/16/13224694-17160447	common	1
interval-sQTL-cis-chr16-16:1963256:1964276:clu-78463-+	EUR/16/1194887-2035294	common	3
interval-sQTL-cis-chr16-16:28835399:28835549:clu-80487-+	EUR/16/27015117-33520050	common	1
interval-sQTL-cis-chr16-16:3054343:3054580:clu-7407--	EUR/16/2035294-4203991	common	1
interval-sQTL-cis-chr16-16:69976732:69978077:clu-11390--	EUR/16/67561130-70486376	common	1
interval-sQTL-cis-chr16-16:72056243:72058254:clu-83129-+	EUR/16/70486376-74052973	common	2
interval-sQTL-cis-chr16-16:87726924:87748673:clu-12050--	EUR/16/87613619-88487888	common	1
interval-sQTL-cis-chr17-17:16439414:16439528:clu-64514-+	EUR/17/14396575-18423015	common	1
interval-sQTL-cis-chr17-17:16439703:16440185:clu-64514-+	EUR/17/14396575-18423015	common	1
interval-sQTL-cis-chr17-17:38914524:38919035:clu-65997-+	EUR/17/38251052-40098239	common	1
interval-sQTL-cis-chr17-17:45137988:45138276:clu-66911-+	EUR/17/41502931-45535398	common	2
interval-sQTL-cis-chr17-17:46094701:46170855:clu-138951--	EUR/17/45535398-49918934	common	2
interval-sQTL-cis-chr17-17:46152966:46170855:clu-138951--	EUR/17/45535398-49918934	common	2
interval-sQTL-cis-chr17-17:47219748:47219904:clu-67169-+	EUR/17/45535398-49918934	common	2
interval-sQTL-cis-chr17-17:51166497:51166827:clu-67623-+	EUR/17/49918934-53040813	common	1
interval-sQTL-cis-chr17-17:5346925:5349487:clu-63570-+	EUR/17/4500964-5834263	common	2
interval-sQTL-cis-chr17-17:58346343:58351735:clu-67789-+	EUR/17/57530311-61236665	common	1
interval-sQTL-cis-chr17-17:58346343:58351744:clu-67789-+	EUR/17/57530311-61236665	common	3
interval-sQTL-cis-chr17-17:7626793:7626943:clu-135742--	EUR/17/6730775-8996563	common	1
interval-sQTL-cis-chr17-17:7627044:7627143:clu-135742--	EUR/17/6730775-8996563	common	2
interval-sQTL-cis-chr17-17:77215779:77216414:clu-69334-+	EUR/17/76595643-77620604	common	1
interval-sQTL-cis-chr17-17:77216101:77216414:clu-69334-+	EUR/17/76595643-77620604	common	2
interval-sQTL-cis-chr17-17:77216192:77216362:clu-69334-+	EUR/17/76595643-77620604	common	1
interval-sQTL-cis-chr17-17:77216322:77216414:clu-69334-+	EUR/17/76595643-77620604	common	1
interval-sQTL-cis-chr17-17:78111953:78112174:clu-141165--	EUR/17/77620604-79101279	common	1
interval-sQTL-cis-chr17-17:80117109:80117600:clu-69614-+	EUR/17/79784798-81730962	common	1
interval-sQTL-cis-chr17-17:81239943:81240987:clu-69775-+	EUR/17/79784798-81730962	common	1
interval-sQTL-cis-chr18-18:36781922:36798449:clu-108909--	EUR/18/36213990-38310793	common	2
interval-sQTL-cis-chr19-19:1038083:1038166:clu-189805-+	EUR/19/90949-1346777	common	2
interval-sQTL-cis-chr19-19:11577679:11578585:clu-50577--	EUR/19/11172307-13465825	common	1
interval-sQTL-cis-chr19-19:14755844:14756238:clu-50925--	EUR/19/13465825-15120917	common	1
interval-sQTL-cis-chr19-19:14755877:14756238:clu-50925--	EUR/19/13465825-15120917	common	1
interval-sQTL-cis-chr19-19:15651128:15651602:clu-193732-+	EUR/19/15120917-17934310	common	2
interval-sQTL-cis-chr19-19:16325449:16325754:clu-193770-+	EUR/19/15120917-17934310	common	3
interval-sQTL-cis-chr19-19:17267527:17268756:clu-193896-+	EUR/19/15120917-17934310	common	1
interval-sQTL-cis-chr19-19:1820395:1823572:clu-47961--	EUR/19/1346777-2538142	common	1
interval-sQTL-cis-chr19-19:21505774:21527390:clu-194804-+	EUR/19/20373867-21640891	common	1
interval-sQTL-cis-chr19-19:33388081:33395110:clu-52819--	EUR/19/32505700-33649275	common	1
interval-sQTL-cis-chr19-19:35014387:35015824:clu-195279-+	EUR/19/33649275-35847275	common	1
interval-sQTL-cis-chr19-19:35449200:35449714:clu-195294-+	EUR/19/33649275-35847275	common	1
interval-sQTL-cis-chr19-19:35907557:35908193:clu-53035--	EUR/19/35847275-36970383	common	1
interval-sQTL-cis-chr19-19:36215155:36228748:clu-195601-+	EUR/19/35847275-36970383	common	3
interval-sQTL-cis-chr19-19:36991846:36996317:clu-195697-+	EUR/19/35847275-36970383	common	2
interval-sQTL-cis-chr19-19:4247170:4249228:clu-191010-+	EUR/19/2538142-5354751	common	1
interval-sQTL-cis-chr19-19:4248251:4249228:clu-191010-+	EUR/19/2538142-5354751	common	1
interval-sQTL-cis-chr19-19:43501346:43501734:clu-54178--	EUR/19/42788773-44935906	common	1
interval-sQTL-cis-chr19-19:4454093:4457246:clu-48570--	EUR/19/2538142-5354751	common	1
interval-sQTL-cis-chr19-19:48241063:48246075:clu-54976--	EUR/19/48198378-49946958	common	2
interval-sQTL-cis-chr19-19:52374427:52379421:clu-198411-+	EUR/19/51755743-52777116	common	1
interval-sQTL-cis-chr19-19:54217239:54217349:clu-56076--	EUR/19/54196103-55215821	common	1
interval-sQTL-cis-chr19-19:54222130:54222278:clu-56084--	EUR/19/54196103-55215821	common	1
interval-sQTL-cis-chr19-19:55142057:55145544:clu-56589--	EUR/19/54196103-55215821	common	1
interval-sQTL-cis-chr19-19:57487983:57490147:clu-199415-+	EUR/19/56919549-58607520	common	1
interval-sQTL-cis-chr19-19:58393487:58394497:clu-199591-+	EUR/19/56919549-58607520	common	1
interval-sQTL-cis-chr19-19:58586356:58591498:clu-199662-+	EUR/19/56919549-58607520	common	2
interval-sQTL-cis-chr19-19:7645306:7645760:clu-191820-+	EUR/19/6508319-8288001	common	1
interval-sQTL-cis-chr2-2:127076706:127106860:clu-207823--	EUR/2/124539302-127139155	common	2
interval-sQTL-cis-chr2-2:177232008:177232392:clu-208768--	EUR/2/176559733-179341663	common	1
interval-sQTL-cis-chr2-2:241090044:241097243:clu-210612--	EUR/2/240576179-242171545	common	3
interval-sQTL-cis-chr2-2:241316540:241317499:clu-102833-+	EUR/2/240576179-242171545	common	1
interval-sQTL-cis-chr2-2:63842599:63856306:clu-98005-+	EUR/2/63407494-65708259	common	1
interval-sQTL-cis-chr2-2:68217131:68218567:clu-205997--	EUR/2/67755902-69124831	common	1
interval-sQTL-cis-chr2-2:69793247:69793703:clu-206054--	EUR/2/69124831-69955817	common	1
interval-sQTL-cis-chr2-2:84832145:84836282:clu-206449--	EUR/2/84168800-87936212	common	2
interval-sQTL-cis-chr2-2:85394940:85395538:clu-206501--	EUR/2/84168800-87936212	common	1
interval-sQTL-cis-chr2-2:85394958:85395538:clu-206501--	EUR/2/84168800-87936212	common	1
interval-sQTL-cis-chr2-2:85697652:85698642:clu-98665-+	EUR/2/84168800-87936212	common	1
interval-sQTL-cis-chr20-20:1565497:1566153:clu-131337--	EUR/20/1405421-2520043	common	2
interval-sQTL-cis-chr20-20:1565524:1566153:clu-131337--	EUR/20/1405421-2520043	common	1
interval-sQTL-cis-chr20-20:1566267:1578338:clu-131336--	EUR/20/1405421-2520043	common	2
interval-sQTL-cis-chr20-20:1630306:1649052:clu-131340--	EUR/20/1405421-2520043	common	1
interval-sQTL-cis-chr20-20:1636505:1649052:clu-131340--	EUR/20/1405421-2520043	common	1
interval-sQTL-cis-chr20-20:38426503:38431041:clu-132913--	EUR/20/38113966-40828006	common	1
interval-sQTL-cis-chr20-20:50275735:50277491:clu-5806-+	EUR/20/50067982-53794844	common	1
interval-sQTL-cis-chr20-20:56359191:56360182:clu-133575--	EUR/20/55261040-57603872	common	1
interval-sQTL-cis-chr20-20:62202843:62203084:clu-6131-+	EUR/20/61519298-62837570	common	1
interval-sQTL-cis-chr20-20:62914406:62926432:clu-133894--	EUR/20/62837570-64331539	common	1
interval-sQTL-cis-chr21-21:42848448:42848515:clu-185961--	EUR/21/42773021-44195140	common	2
interval-sQTL-cis-chr21-21:42848865:42849027:clu-185961--	EUR/21/42773021-44195140	common	2
interval-sQTL-cis-chr21-21:42897047:42908864:clu-46899-+	EUR/21/42773021-44195140	common	2
interval-sQTL-cis-chr22-22:23313021:23314552:clu-187190-+	EUR/22/22943803-24009620	common	3
interval-sQTL-cis-chr22-22:23660000:23686831:clu-24796--	EUR/22/22943803-24009620	common	1
interval-sQTL-cis-chr22-22:23683867:23690232:clu-24796--	EUR/22/22943803-24009620	common	2
interval-sQTL-cis-chr22-22:31623849:31625581:clu-25383--	EUR/22/29034471-32439511	common	3
interval-sQTL-cis-chr22-22:36288320:36292151:clu-25629--	EUR/22/35695831-37164130	common	1
interval-sQTL-cis-chr22-22:42381689:42381743:clu-26429--	EUR/22/40808319-43175707	common	2
interval-sQTL-cis-chr3-3:122556121:122558329:clu-150473--	EUR/3/120924677-123803758	common	2
interval-sQTL-cis-chr3-3:134482931:134485952:clu-150988--	EUR/3/133416312-135549808	common	1
interval-sQTL-cis-chr3-3:141231911:141260123:clu-106904-+	EUR/3/139314519-141292082	common	2
interval-sQTL-cis-chr3-3:39389616:39391441:clu-104024-+	EUR/3/37490365-40979320	common	1
interval-sQTL-cis-chr3-3:53186027:53186188:clu-105256-+	EUR/3/52179438-54605182	common	1
interval-sQTL-cis-chr3-3:98518995:98522849:clu-149981--	EUR/3/96083058-99327109	common	2
interval-sQTL-cis-chr4-4:107670863:107682015:clu-146029--	EUR/4/107205822-110141227	common	1
interval-sQTL-cis-chr4-4:128948570:128952343:clu-146364--	EUR/4/128761282-130181937	common	2
interval-sQTL-cis-chr4-4:13577631:13578912:clu-144389--	EUR/4/13124074-14035428	common	2
interval-sQTL-cis-chr4-4:13577631:13579928:clu-144389--	EUR/4/13124074-14035428	common	2
interval-sQTL-cis-chr4-4:15722934:15737787:clu-93604-+	EUR/4/15298454-17239519	common	1
interval-sQTL-cis-chr4-4:168217032:168220655:clu-146873--	EUR/4/166726013-169759864	common	2
interval-sQTL-cis-chr4-4:168375524:168378354:clu-146874--	EUR/4/166726013-169759864	common	1
interval-sQTL-cis-chr4-4:168396127:168400826:clu-146878--	EUR/4/166726013-169759864	common	1
interval-sQTL-cis-chr4-4:168472809:168479636:clu-146882--	EUR/4/166726013-169759864	common	1
interval-sQTL-cis-chr4-4:39454893:39456406:clu-144753--	EUR/4/37897029-40870713	common	2
interval-sQTL-cis-chr4-4:40197300:40235193:clu-93966-+	EUR/4/37897029-40870713	common	1
interval-sQTL-cis-chr4-4:40235358:40242714:clu-93966-+	EUR/4/37897029-40870713	common	1
interval-sQTL-cis-chr4-4:951717:953190:clu-92876-+	EUR/4/700824-1524981	common	1
interval-sQTL-cis-chr4-4:952539:953190:clu-92876-+	EUR/4/700824-1524981	common	1
interval-sQTL-cis-chr5-5:179569217:179569302:clu-131032-+	EUR/5/177963481-179671059	common	1
interval-sQTL-cis-chr5-5:1800021:1801238:clu-41675--	EUR/5/1415514-2669989	common	2
interval-sQTL-cis-chr5-5:35873648:35875512:clu-127410-+	EUR/5/34676940-36438152	common	1
interval-sQTL-cis-chr5-5:96740118:96740745:clu-128934-+	EUR/5/96487028-97711949	common	3
interval-sQTL-cis-chr6-6:130052991:130053328:clu-116828-+	EUR/6/129539492-130615104	common	2
interval-sQTL-cis-chr6-6:130052991:130055171:clu-116828-+	EUR/6/129539492-130615104	common	1
interval-sQTL-cis-chr6-6:15615399:15637744:clu-19431--	EUR/6/14328035-16807772	common	2
interval-sQTL-cis-chr6-6:158637894:158641319:clu-23708--	EUR/6/157125091-159132623	common	1
interval-sQTL-cis-chr6-6:166330247:166342419:clu-23868--	EUR/6/165669738-167301917	common	2
interval-sQTL-cis-chr6-6:17898180:17987054:clu-19471--	EUR/6/16807772-18318442	common	2
interval-sQTL-cis-chr6-6:3012674:3016884:clu-112943-+	EUR/6/1477586-3413617	common	1
interval-sQTL-cis-chr6-6:30201138:30213305:clu-19995--	EUR/6/30106780-30425675	common	3
interval-sQTL-cis-chr6-6:31354274:31355546:clu-20123--	EUR/6/31282730-32518958	common	3
interval-sQTL-cis-chr6-6:31354296:31354633:clu-113905-+	EUR/6/31282730-32518958	common	9
interval-sQTL-cis-chr6-6:31354526:31354633:clu-113905-+	EUR/6/31282730-32518958	common	3
interval-sQTL-cis-chr6-6:31354653:31355141:clu-20142--	EUR/6/31282730-32518958	common	1
interval-sQTL-cis-chr6-6:31354665:31355107:clu-113909-+	EUR/6/30425675-31282730	common	6
interval-sQTL-cis-chr6-6:31355430:31355535:clu-20123--	EUR/6/30425675-31282730	common	3
interval-sQTL-cis-chr6-6:32518666:32520164:clu-114377-+	EUR/6/31282730-32518958	common	8
interval-sQTL-cis-chr6-6:41684875:41684979:clu-21363--	EUR/6/41655647-43990869	common	1
interval-sQTL-cis-chr7-7:100573195:100574157:clu-182780--	EUR/7/99354376-102496129	common	3
interval-sQTL-cis-chr7-7:100612602:100612730:clu-156372-+	EUR/7/99354376-102496129	common	3
interval-sQTL-cis-chr7-7:128394585:128395131:clu-183824--	EUR/7/128269098-131949760	common	3
interval-sQTL-cis-chr7-7:142095713:142097593:clu-157735-+	EUR/7/140483185-144260137	common	1
interval-sQTL-cis-chr7-7:142792071:142793121:clu-157752-+	EUR/7/140483185-144260137	common	1
interval-sQTL-cis-chr7-7:150804485:150804842:clu-158169-+	EUR/7/150144923-151346135	common	1
interval-sQTL-cis-chr7-7:23505777:23506138:clu-180125--	EUR/7/22732641-25868614	common	1
interval-sQTL-cis-chr7-7:27096388:27099074:clu-153590-+	EUR/7/25868614-28672186	common	1
interval-sQTL-cis-chr7-7:6600319:6602101:clu-153240-+	EUR/7/4890158-6804943	common	1
interval-sQTL-cis-chr7-7:76504445:76505374:clu-155526-+	EUR/7/75960520-78464626	common	1
interval-sQTL-cis-chr7-7:76618615:76625522:clu-182104--	EUR/7/75960520-78464626	common	2
interval-sQTL-cis-chr7-7:76975287:76978528:clu-155528-+	EUR/7/75960520-78464626	common	2
interval-sQTL-cis-chr7-7:90355230:90372155:clu-155756-+	EUR/7/89107878-91112059	common	1
interval-sQTL-cis-chr7-7:99374781:99385702:clu-156009-+	EUR/7/97471491-99354376	common	1
interval-sQTL-cis-chr8-8:10054658:10149148:clu-38460-+	EUR/8/9819706-11624755	common	2
interval-sQTL-cis-chr8-8:10149264:10207833:clu-38460-+	EUR/8/9819706-11624755	common	2
interval-sQTL-cis-chr8-8:108233672:108234998:clu-120013--	EUR/8/107380234-109750972	common	5
interval-sQTL-cis-chr8-8:11845789:11847052:clu-118142--	EUR/8/11624755-13538501	common	1
interval-sQTL-cis-chr8-8:11849164:11850866:clu-118145--	EUR/8/11624755-13538501	common	2
interval-sQTL-cis-chr8-8:27450895:27451043:clu-39003-+	EUR/8/26825097-27902108	common	1
interval-sQTL-cis-chr8-8:28162078:28183194:clu-39051-+	EUR/8/27902108-31277048	common	1
interval-sQTL-cis-chr8-8:7016862:7018222:clu-117991--	EUR/8/6826893-8879954	common	1
interval-sQTL-cis-chr8-8:86474358:86474820:clu-119632--	EUR/8/84202208-88074311	common	1
interval-sQTL-cis-chr9-9:128721480:128721651:clu-87368--	EUR/9/127442497-130234858	common	2
interval-sQTL-cis-chr9-9:134909948:134911153:clu-87996--	EUR/9/134697433-136067443	common	1
interval-sQTL-cis-chr9-9:137032062:137032736:clu-88259--	EUR/9/136747654-138221689	common	2
interval-sQTL-cis-chr9-9:137039864:137039971:clu-88259--	EUR/9/136747654-138221689	common	1
interval-sQTL-cis-chr9-9:75069102:75069895:clu-85517--	EUR/9/73177385-76027312	common	1
interval-sQTL-cis-chr9-9:96368305:96382005:clu-86031--	EUR/9/96321740-98446006	common	3
interval-sQTL-cis-chr9-9:96382169:96383477:clu-86031--	EUR/9/96321740-98446006	common	2
onek1k-cd4et-ENSG00000021574	EUR/2/29585636-31231192	common	1
onek1k-plasma-ENSG00000135778	EUR/1/233626140-236455740	common	3
ukb-b-18194	EUR/6/31282730-32518958	common	1
ukb-b-8631	EUR/6/31282730-32518958	common	1
ukb-d-30010-irnt	EUR/6/134250058-136986161	common	1
ukb-d-30050-irnt	EUR/22/35695831-37164130	common	1
ukb-d-30190-irnt	EUR/2/181043711-185382375	common	1
ukb-d-30280-irnt	EUR/19/11172307-13465825	common	1
ukb-d-30290-irnt	EUR/10/23411554-25709995	common	1
ukb-ppp-european-ACE:P12821:OID30696:v1	EUR/17/61236665-65107074	common	1
ukb-ppp-european-ACP1:P24666:OID30524:v1	EUR/2/10560-1415211	common	1
ukb-ppp-european-ACVRL1:P37023:OID20999:v1	EUR/12/51382710-52559329	common	1
ukb-ppp-european-ADA:P00813:OID20645:v1	EUR/20/43215885-45448756	common	1
ukb-ppp-european-ADAM15:Q13444:OID20109:v1	EUR/1/153358890-156424168	common	1
ukb-ppp-european-ADAM8:P78325:OID21039:v1	EUR/10/133292471-133766275	common	5
ukb-ppp-european-ADAMTS13:Q76LX8:OID20249:v1	EUR/9/131671545-133622201	common	1
ukb-ppp-european-ADAMTS8:Q9UP79:OID21502:v1	EUR/11/129543969-130633717	common	2
ukb-ppp-european-ADGRD1:Q6QNK2:OID30588:v1	EUR/12/130929139-132284095	common	2
ukb-ppp-european-ADGRE1:Q14246:OID31483:v1	EUR/19/6508319-8288001	common	1
ukb-ppp-european-AGRN:O00468:OID20786:v1	EUR/1/16103-1170341	common	1
ukb-ppp-european-AGT:P01019:OID30709:v1	EUR/1/230642745-232178847	common	1
ukb-ppp-european-ALDH3A1:P30838:OID20512:v1	EUR/17/18423015-21400685	common	1
ukb-ppp-european-AMY2A:P04746:OID20333:v1	EUR/1/103762931-105867868	common	1
ukb-ppp-european-ANGPTL3:Q9Y5C1:OID20407:v1	EUR/1/61644626-63206060	common	1
ukb-ppp-european-ANPEP:P15144:OID20350:v1	EUR/15/88827392-90742782	common	1
ukb-ppp-european-BCAM:P50895:OID21076:v1	EUR/9/131671545-133622201	common	1
ukb-ppp-european-BMP10:O95393:OID30575:v1	EUR/14/94427413-96101661	common	2
ukb-ppp-european-BMP10:O95393:OID30575:v1	EUR/2/67755902-69124831	common	1
ukb-ppp-european-BPIFA2:Q96DR5:OID30279:v1	EUR/19/48198378-49946958	common	1
ukb-ppp-european-BPIFB1:Q8TDL5:OID20308:v1	EUR/20/31989284-38113966	common	1
ukb-ppp-european-BTD:P43251:OID30754:v1	EUR/3/14269725-16623951	common	2
ukb-ppp-european-C1QA:P02745:OID20654:v1	EUR/1/21002467-22858108	common	1
ukb-ppp-european-C1R:P00736:OID30753:v1	EUR/12/5914520-8604885	common	1
ukb-ppp-european-C1RL:Q9NZP8:OID30721:v1	EUR/12/5914520-8604885	common	1
ukb-ppp-european-C8B:P07358:OID30719:v1	EUR/1/56335544-57916308	common	1
ukb-ppp-european-CA12:O43570:OID21344:v1	EUR/15/62923863-63808593	common	3
ukb-ppp-european-CCL14:Q16627:OID20401:v1	EUR/17/35674782-38251052	common	1
ukb-ppp-european-CCL18:P55774:OID20395:v1	EUR/17/35674782-38251052	common	4
ukb-ppp-european-CCL23:P55773:OID20693:v1	EUR/17/35674782-38251052	common	2
ukb-ppp-european-CCL3:P10147:OID20610:v1	EUR/17/35674782-38251052	common	1
ukb-ppp-european-CCN3:P48745:OID20299:v1	EUR/8/117286508-120544782	common	1
ukb-ppp-european-CD300A:Q9UGN4:OID30576:v1	EUR/12/89285600-91849133	common	2
ukb-ppp-european-CD300C:Q08708:OID21010:v1	EUR/12/89285600-91849133	common	1
ukb-ppp-european-CD300C:Q08708:OID21010:v1	EUR/17/74173501-76595643	common	1
ukb-ppp-european-CD300E:Q496F6:OID21418:v1	EUR/17/74173501-76595643	common	1
ukb-ppp-european-CD300LF:Q8TDQ1:OID21469:v1	EUR/17/74173501-76595643	common	1
ukb-ppp-european-CD38:P28907:OID21316:v1	EUR/4/15298454-17239519	common	1
ukb-ppp-european-CDHR5:Q9HBB8:OID20193:v1	EUR/11/128446-2028171	common	4
ukb-ppp-european-CDNF:Q49AH0:OID21318:v1	EUR/10/14370880-14854549	common	1
ukb-ppp-european-CEACAM16:Q2WEN9:OID31495:v1	EUR/19/42788773-44935906	common	1
ukb-ppp-european-CEACAM5:P06731:OID21171:v1	EUR/19/41195623-42788773	common	1
ukb-ppp-european-CELSR2:Q9HCU4:OID30593:v1	EUR/1/105867868-110131515	common	1
ukb-ppp-european-CLEC10A:Q8IUN9:OID20928:v1	EUR/17/6730775-8996563	common	1
ukb-ppp-european-CLEC1A:Q8NC01:OID20099:v1	EUR/12/9849404-12582501	common	1
ukb-ppp-european-CLEC4D:Q8WXI8:OID20609:v1	EUR/12/5914520-8604885	common	1
ukb-ppp-european-CLEC4M:Q9H2X3:OID30405:v1	EUR/19/6508319-8288001	common	1
ukb-ppp-european-CLMP:Q9H6B4:OID21419:v1	EUR/11/122721021-125104692	common	1
ukb-ppp-european-CLPS:P04118:OID21156:v1	EUR/6/34671459-37606796	common	1
ukb-ppp-european-CLSTN2:Q9H4D0:OID20664:v1	EUR/3/139314519-141292082	common	1
ukb-ppp-european-COMT:P21964:OID20086:v1	EUR/22/19744294-22045373	common	1
ukb-ppp-european-CPA1:P15085:OID20280:v1	EUR/11/100545331-102520542	common	2
ukb-ppp-european-CPB1:P15086:OID20289:v1	EUR/11/100545331-102520542	common	2
ukb-ppp-european-CPPED1:Q9BRF8:OID21053:v1	EUR/16/11554324-13224694	common	2
ukb-ppp-european-CPQ:Q9Y646:OID30406:v1	EUR/8/95522578-98079825	common	1
ukb-ppp-european-CRTAC1:Q9NQ79:OID20279:v1	EUR/10/95307050-98322738	common	2
ukb-ppp-european-CRTAC1:Q9NQ79:OID20279:v1	EUR/3/186204235-188486544	common	1
ukb-ppp-european-CRTAM:O95727:OID20914:v1	EUR/11/122721021-125104692	common	1
ukb-ppp-european-CTSB:P07858:OID20276:v1	EUR/8/9819706-11624755	common	2
ukb-ppp-european-CTSZ:Q9UBR2:OID20365:v1	EUR/20/58221472-59360011	common	1
ukb-ppp-european-CUZD1:Q86UP6:OID30914:v1	EUR/9/131671545-133622201	common	1
ukb-ppp-european-CXCL5:P42830:OID20207:v1	EUR/4/70605769-74394244	common	1
ukb-ppp-european-CXCL6:P80162:OID20613:v1	EUR/4/70605769-74394244	common	1
ukb-ppp-european-CYTL1:Q9NRR1:OID30374:v1	EUR/4/4568438-5816617	common	3
ukb-ppp-european-DLK1:P80370:OID20295:v1	EUR/14/98672420-100895224	common	1
ukb-ppp-european-DSCAM:O60469:OID30993:v1	EUR/21/40446898-42773021	common	1
ukb-ppp-european-EGFLAM:Q63HQ2:OID31496:v1	EUR/5/38117060-39596750	common	1
ukb-ppp-european-EPPK1:P58107:OID30250:v1	EUR/8/143133213-145075767	common	1
ukb-ppp-european-ERMAP:Q96PL5:OID30539:v1	EUR/21/40446898-42773021	common	1
ukb-ppp-european-ERP44:Q9BS26:OID21338:v1	EUR/10/6576860-8733172	common	1
ukb-ppp-european-EXTL1:Q92935:OID30114:v1	EUR/1/24201011-28100360	common	1
ukb-ppp-european-FABP9:Q0Z7S8:OID20501:v1	EUR/1/151566310-153358890	common	1
ukb-ppp-european-FAM3B:P58499:OID21372:v1	EUR/21/40446898-42773021	common	2
ukb-ppp-european-FAM3D:Q96BQ1:OID31514:v1	EUR/3/55837505-59424339	common	1
ukb-ppp-european-FCGR2B:P31994:OID21215:v1	EUR/1/158933969-163173938	common	1
ukb-ppp-european-FCRL1:Q96LA6:OID20172:v1	EUR/1/156424168-158933969	common	1
ukb-ppp-european-FGFBP2:Q9BYJ0:OID30395:v1	EUR/4/15298454-17239519	common	1
ukb-ppp-european-FGFBP3:Q8TAT2:OID31108:v1	EUR/10/89889663-93087358	common	1
ukb-ppp-european-FGFR4:P22455:OID30646:v1	EUR/4/37897029-40870713	common	1
ukb-ppp-european-FLT1:P17948:OID21301:v1	EUR/6/41655647-43990869	common	1
ukb-ppp-european-FUT3-FUT5:P21217-Q11128:OID21013:v1	EUR/19/5354751-6508319	common	3
ukb-ppp-european-FXYD5:Q96DB9:OID20463:v1	EUR/19/33649275-35847275	common	1
ukb-ppp-european-GDF2:Q9UK05:OID20202:v1	EUR/14/94427413-96101661	common	3
ukb-ppp-european-GFRA2:O00451:OID21330:v1	EUR/8/20281092-22159255	common	1
ukb-ppp-european-GP6:Q9HCN6:OID21091:v1	EUR/19/54196103-55215821	common	1
ukb-ppp-european-GRN:P28799:OID21159:v1	EUR/1/105867868-110131515	common	1
ukb-ppp-european-GSTA1:P08263:OID20166:v1	EUR/6/52346029-53939938	common	1
ukb-ppp-european-GZMB:P10144:OID20604:v1	EUR/14/22124728-24958905	common	1
ukb-ppp-european-HLA-A:P04439:OID31048:v1	EUR/6/27258180-28904669	common	1
ukb-ppp-european-HLA-DRA:P01903:OID20520:v1	EUR/6/32877952-33988587	common	2
ukb-ppp-european-HS3ST3B1:Q9Y662:OID21303:v1	EUR/17/12659834-14396575	common	1
ukb-ppp-european-HS6ST1:O60243:OID21441:v1	EUR/2/127139155-130610922	common	1
ukb-ppp-european-ICOSLG:O75144:OID21351:v1	EUR/21/44195140-44756538	common	2
ukb-ppp-european-IFI30:P13284:OID31505:v1	EUR/19/17934310-20373867	common	1
ukb-ppp-european-IL12A-IL12B:P29459-P29460:OID21327:v1	EUR/5/157202743-159399239	common	2
ukb-ppp-european-IL16:Q14005:OID20633:v1	EUR/15/79704552-81898534	common	2
ukb-ppp-european-IL31RA:Q8NI17:OID30475:v1	EUR/5/54407873-56272660	common	1
ukb-ppp-european-IL34:Q6ZMJ4:OID20809:v1	EUR/16/67561130-70486376	common	1
ukb-ppp-european-IL4R:P24394:OID20576:v1	EUR/16/27015117-33520050	common	1
ukb-ppp-european-INPP1:P49441:OID21345:v1	EUR/15/90742782-92128515	common	2
ukb-ppp-european-KAZALD1:Q96I82:OID21339:v1	EUR/10/100331627-104382250	common	2
ukb-ppp-european-KIR3DL1:P43629:OID21185:v1	EUR/6/30106780-30425675	common	1
ukb-ppp-european-KIRREL2:Q6UWL6:OID20873:v1	EUR/16/10031-1194887	common	3
ukb-ppp-european-KLB:Q86Z14:OID20888:v1	EUR/17/66806071-69532290	common	1
ukb-ppp-european-KLK10:O43240:OID21523:v1	EUR/19/49946958-51755743	common	1
ukb-ppp-european-KLK15:Q9H2R5:OID31427:v1	EUR/19/49946958-51755743	common	1
ukb-ppp-european-KLK7:P49862:OID30652:v1	EUR/19/49946958-51755743	common	1
ukb-ppp-european-KLKB1:P03952:OID30760:v1	EUR/4/185466290-186471422	common	1
ukb-ppp-european-LAIR2:Q6ISS4:OID20965:v1	EUR/19/54196103-55215821	common	4
ukb-ppp-european-LAMB1:P07942:OID30280:v1	EUR/7/107964837-110008212	common	1
ukb-ppp-european-LAYN:Q6UX15:OID20970:v1	EUR/11/108041323-112588388	common	1
ukb-ppp-european-LEFTY2:O00292:OID21454:v1	EUR/1/224041489-225832854	common	1
ukb-ppp-european-LGALS9:O00182:OID20781:v1	EUR/17/21400685-32554656	common	1
ukb-ppp-european-LILRA6:Q6PI73:OID30346:v1	EUR/19/54196103-55215821	common	5
ukb-ppp-european-LILRB1:Q8NHL6:OID20323:v1	EUR/19/54196103-55215821	common	2
ukb-ppp-european-LILRB1:Q8NHL6:OID20323:v1	EUR/6/30106780-30425675	common	2
ukb-ppp-european-LILRB4:Q8NHJ6:OID20429:v1	EUR/19/54196103-55215821	common	1
ukb-ppp-european-LILRB4:Q8NHJ6:OID20429:v1	EUR/6/30106780-30425675	common	2
ukb-ppp-european-LPA:P08519:OID30747:v1	EUR/6/159132623-161426875	common	3
ukb-ppp-european-LRG1:P02750:OID30751:v1	EUR/19/2538142-5354751	common	1
ukb-ppp-european-LRP11:Q86VZ4:OID20185:v1	EUR/6/148895740-151319866	common	3
ukb-ppp-european-LRRC25:Q8N386:OID21333:v1	EUR/6/8258409-11236809	common	1
ukb-ppp-european-LRRC37A2:A6NM11:OID31440:v1	EUR/17/41502931-45535398	common	2
ukb-ppp-european-LY75:O60449:OID20580:v1	EUR/2/159697979-163746622	common	3
ukb-ppp-european-LYPD8:Q6UX82:OID21251:v1	EUR/1/247180692-248945661	common	1
ukb-ppp-european-MANSC4:A6NHS7:OID30141:v1	EUR/12/27646955-29514747	common	3
ukb-ppp-european-MATN2:O00339:OID20767:v1	EUR/8/95522578-98079825	common	1
ukb-ppp-european-MCEMP1:Q8IX19:OID30501:v1	EUR/9/136067443-136747654	common	2
ukb-ppp-european-MDK:P21741:OID21489:v1	EUR/11/56199647-60340200	common	1
ukb-ppp-european-MEGF10:Q96KG7:OID20746:v1	EUR/5/125801602-127606135	common	1
ukb-ppp-european-MENT:Q9BUN1:OID30595:v1	EUR/19/42788773-44935906	common	2
ukb-ppp-european-MFAP5:Q13361:OID20239:v1	EUR/12/8604885-9849404	common	1
ukb-ppp-european-MFGE8:Q08431:OID21134:v1	EUR/15/88827392-90742782	common	1
ukb-ppp-european-MICB-MICA:Q29980-Q29983:OID20593:v1	EUR/6/30106780-30425675	common	3
ukb-ppp-european-MICB-MICA:Q29980-Q29983:OID20593:v1	EUR/6/30425675-31282730	common	2
ukb-ppp-european-MMP1:P03956:OID20672:v1	EUR/11/102520542-103963329	common	3
ukb-ppp-european-MOG:Q16653:OID21384:v1	EUR/6/30425675-31282730	common	3
ukb-ppp-european-MSLN:Q13421:OID21380:v1	EUR/16/10031-1194887	common	1
ukb-ppp-european-MSR1:P21757:OID21063:v1	EUR/8/15440595-16183724	common	1
ukb-ppp-european-MTHFSD:Q2M296:OID31305:v1	EUR/16/86522303-87613619	common	1
ukb-ppp-european-NCAM2:O15394:OID21095:v1	EUR/16/10031-1194887	common	4
ukb-ppp-european-NXPH3:O95157:OID30565:v1	EUR/17/45535398-49918934	common	1
ukb-ppp-european-OSCAR:Q8IYS5:OID20776:v1	EUR/19/52777116-54196103	common	4
ukb-ppp-european-OSMR:Q99650:OID20356:v1	EUR/5/38117060-39596750	common	1
ukb-ppp-european-PADI4:Q9UM07:OID20832:v1	EUR/1/15663423-17857084	common	1
ukb-ppp-european-PAMR1:Q6UXH9:OID21153:v1	EUR/11/35196898-37124544	common	1
ukb-ppp-european-PARD3:Q8TEW0:OID31301:v1	EUR/6/60230066-61784470	common	2
ukb-ppp-european-PCBD1:P61457:OID30610:v1	EUR/10/70119340-71298712	common	1
ukb-ppp-european-PCDH12:Q9NPG4:OID31045:v1	EUR/5/140031561-142646484	common	1
ukb-ppp-european-PCDH17:O14917:OID20132:v1	EUR/13/56056257-59515420	common	1
ukb-ppp-european-PCDH17:O14917:OID20132:v1	EUR/9/131671545-133622201	common	1
ukb-ppp-european-PCSK9:Q8NBP7:OID20235:v1	EUR/1/54549187-56335544	common	1
ukb-ppp-european-PDGFRB:P09619:OID20268:v1	EUR/5/147056017-150108378	common	1
ukb-ppp-european-PEPD:P12955:OID30688:v1	EUR/19/32505700-33649275	common	1
ukb-ppp-european-PGLYRP1:O75594:OID20338:v1	EUR/6/32648562-32877952	common	7
ukb-ppp-european-PGLYRP4:Q96LB8:OID30101:v1	EUR/1/151566310-153358890	common	1
ukb-ppp-european-PM20D1:Q6GTS8:OID20149:v1	EUR/1/205451010-206209814	common	3
ukb-ppp-european-PON1:P27169:OID30704:v1	EUR/7/93388705-96407667	common	3
ukb-ppp-european-PRAP1:Q96NZ9:OID30391:v1	EUR/10/133292471-133766275	common	1
ukb-ppp-european-PRELP:P51888:OID20766:v1	EUR/1/203083201-205451010	common	1
ukb-ppp-european-PROC:P04070:OID20402:v1	EUR/20/31989284-38113966	common	1
ukb-ppp-european-PROK1:P58294:OID20543:v1	EUR/1/110131515-111945212	common	2
ukb-ppp-european-PSAPL1:Q6NUJ1:OID31473:v1	EUR/4/7366767-8152257	common	3
ukb-ppp-european-PSG1:P11464:OID20916:v1	EUR/19/41195623-42788773	common	2
ukb-ppp-european-PTX3:P26022:OID20570:v1	EUR/10/6576860-8733172	common	1
ukb-ppp-european-QDPR:P09417:OID20174:v1	EUR/4/17239519-18840251	common	1
ukb-ppp-european-QSOX1:O00391:OID30729:v1	EUR/1/178974441-182577190	common	1
ukb-ppp-european-RBPMS2:Q6ZRY4:OID30257:v1	EUR/15/90742782-92128515	common	2
ukb-ppp-european-RGMA:Q96B86:OID21065:v1	EUR/9/32738472-35906658	common	1
ukb-ppp-european-RNASE3:P12724:OID20203:v1	EUR/14/20653557-22124728	common	2
ukb-ppp-european-RNASE6:Q93091:OID30689:v1	EUR/14/20653557-22124728	common	1
ukb-ppp-european-RNASET2:O00584:OID20321:v1	EUR/6/165669738-167301917	common	1
ukb-ppp-european-SAA4:P35542:OID30726:v1	EUR/11/16821828-19289091	common	1
ukb-ppp-european-SBSN:Q6UWP8:OID30398:v1	EUR/19/33649275-35847275	common	1
ukb-ppp-european-SCARF2:Q96GP6:OID21048:v1	EUR/22/19744294-22045373	common	1
ukb-ppp-european-SCGB1A1:P11684:OID20688:v1	EUR/11/60340200-63591911	common	1
ukb-ppp-european-SCPEP1:Q9HB40:OID30278:v1	EUR/17/55272354-57530311	common	1
ukb-ppp-european-SDC4:P31431:OID20216:v1	EUR/20/43215885-45448756	common	1
ukb-ppp-european-SELPLG:Q14242:OID20560:v1	EUR/12/105970320-108876352	common	1
ukb-ppp-european-SERPINA11:Q86U17:OID20281:v1	EUR/14/94427413-96101661	common	4
ukb-ppp-european-SERPINA11:Q86U17:OID20281:v1	EUR/8/9819706-11624755	common	2
ukb-ppp-european-SERPINA12:Q8IW75:OID20219:v1	EUR/14/94427413-96101661	common	4
ukb-ppp-european-SERPINA3:P01011:OID30786:v1	EUR/14/94427413-96101661	common	1
ukb-ppp-european-SERPINA4:P29622:OID30774:v1	EUR/14/94427413-96101661	common	1
ukb-ppp-european-SERPINA9:Q86WD7:OID21284:v1	EUR/14/94427413-96101661	common	1
ukb-ppp-european-SERPINF1:P36955:OID30757:v1	EUR/17/1037030-2732380	common	1
ukb-ppp-european-SERPINI2:O75830:OID31504:v1	EUR/19/48198378-49946958	common	1
ukb-ppp-european-SERPINI2:O75830:OID31504:v1	EUR/3/167399986-171052587	common	1
ukb-ppp-european-SGSH:P51688:OID30341:v1	EUR/17/79784798-81730962	common	1
ukb-ppp-european-SIGLEC8:Q9NYZ4:OID30261:v1	EUR/19/49946958-51755743	common	2
ukb-ppp-european-SIGLEC9:Q9Y336:OID21390:v1	EUR/3/96083058-99327109	common	1
ukb-ppp-european-SIRPB1:O00241:OID20739:v1	EUR/20/1405421-2520043	common	3
ukb-ppp-european-SLAMF8:Q9P0V8:OID21214:v1	EUR/1/158933969-163173938	common	1
ukb-ppp-european-SMOC2:Q9H3U7:OID20730:v1	EUR/19/51755743-52777116	common	1
ukb-ppp-european-SNCG:O76070:OID20971:v1	EUR/10/85527102-87392430	common	2
ukb-ppp-european-SPINK1:P00995:OID21097:v1	EUR/5/147056017-150108378	common	1
ukb-ppp-european-SPINK2:P20155:OID30627:v1	EUR/4/53791570-56771785	common	1
ukb-ppp-european-SPINK6:Q6UWN8:OID21450:v1	EUR/5/147056017-150108378	common	1
ukb-ppp-european-SPON1:Q9HCB6:OID20759:v1	EUR/11/12257886-15724846	common	1
ukb-ppp-european-SSC5D:A1L4H1:OID20351:v1	EUR/19/55215821-56919549	common	1
ukb-ppp-european-STAB2:Q8WWQ8:OID30401:v1	EUR/12/99424032-103736758	common	1
ukb-ppp-european-SUSD5:O60279:OID30650:v1	EUR/3/31229789-33214100	common	1
ukb-ppp-european-SUSD5:O60279:OID30650:v1	EUR/3/33214100-34773314	common	1
ukb-ppp-european-SWAP70:Q9UH65:OID31477:v1	EUR/11/9067573-10940012	common	1
ukb-ppp-european-TBC1D17:Q9HA65:OID20844:v1	EUR/19/48198378-49946958	common	1
ukb-ppp-european-TDRKH:Q9Y2W6:OID20875:v1	EUR/1/151566310-153358890	common	3
ukb-ppp-european-TEK:Q02763:OID21496:v1	EUR/9/131671545-133622201	common	1
ukb-ppp-european-TFRC:P02786:OID20369:v1	EUR/3/195494690-196653736	common	4
ukb-ppp-european-THTPA:Q9BU02:OID31375:v1	EUR/14/22124728-24958905	common	1
ukb-ppp-european-TIE1:P35590:OID20303:v1	EUR/9/131671545-133622201	common	1
ukb-ppp-european-TNC:P24821:OID20359:v1	EUR/8/27902108-31277048	common	1
ukb-ppp-european-TNFRSF10B:O14763:OID20981:v1	EUR/8/22159255-23693608	common	1
ukb-ppp-european-TNFRSF11A:Q9Y6Q6:OID20646:v1	EUR/18/60426196-63290163	common	1
ukb-ppp-european-TNFSF14:O43557:OID20953:v1	EUR/19/6508319-8288001	common	1
ukb-ppp-european-TNN:Q9UQP3:OID30412:v1	EUR/1/171908371-175755086	common	2
ukb-ppp-european-TNR:Q92752:OID20957:v1	EUR/1/171908371-175755086	common	1
ukb-ppp-european-TOP1:P11387:OID31449:v1	EUR/1/205451010-206209814	common	2
ukb-ppp-european-TPK1:Q9H3S4:OID30338:v1	EUR/6/60230066-61784470	common	2
ukb-ppp-european-TPK1:Q9H3S4:OID30338:v1	EUR/7/144581155-146882329	common	1
ukb-ppp-european-TPMT:P51580:OID21270:v1	EUR/6/16807772-18318442	common	1
ukb-ppp-european-TYRO3:Q06418:OID20161:v1	EUR/15/39379313-44802998	common	2
ukb-ppp-european-VASN:Q6EMK4:OID20345:v1	EUR/16/4203991-5067606	common	1
ukb-ppp-european-VMO1:Q7Z5L0:OID21381:v1	EUR/17/4500964-5834263	common	4
ukb-ppp-european-VSIR:Q9H7M9:OID20131:v1	EUR/10/71298712-73939296	common	1
ukb-ppp-european-ZBP1:Q9H171:OID30526:v1	EUR/20/57603872-58221472	common	1
ukb-ppp-european-ZBTB16:Q05516:OID21205:v1	EUR/11/112588388-114145359	common	1
ukb-ppp-european-ZBTB17:Q13105:OID20082:v1	EUR/6/60230066-61784470	common	2
